Workbook

Sheet xe
A1: MA | B1: SỐ XE
A3: B Tâm | B3: 50H-70216
A4: T LUÂN | B4: 50H-55116
A5: Y THANH | B5: 50H-69501
A6: Q HẢI | B6: 50H-64316
A7: D PHÚ | B7: 50H-50999
A8: Ư LỪA | B8: 50H-63174
A9: V LUÂN | B9: 50H-64470
A10: F SƠN | B10: 50H-54580
A11: F Y | B11: 50H-54580
A12: g nhanh | B12: 51H -88294
A13: N THUẬN | B13: 50H-66445
... A50: T T | B50: 85H-01932

Sheet ma
A1: MA | B1: TUYEN | C1: OTO 5
A2: NT | B2: NHA TRANG
A3: NHOA | B3: NINH HÒA
A4: CR | B4: CAM RANH
A5: CLANH | B5: CAO LÃNH | C5: 280000
A6: LKX | B6: LONG KHÁNH XÁ | C6: 244000
A7: LKP | B7: LONG KHÁNH PALLET | C7: 244000
A9: AJLH | B9: AJ LONG HẬU | C9: 600000
A10: ndfc | B10: Chuyển Hàng ndfc | C10: 410000
A11: N6 | B11: NDFC 6 CHUYẾN | C11: 300000
A12: calo | B12: Chuyển hàng Calofic | C12: 180000
A13: CL1 | B13: CH Calofic 13c | C13: 140000
A14: clun | B14: CALOFIC - UNI ( xe nhỏ ) | C14: 300000
A15: cluni | B15: CALOFIC - UNI ( xe lớn ) | C15: 400000
A16: CLMXL | B16: COOP LÊ MINH XUÂN ( XE LỚN ) | C16: 200000
A17: UNCLG | B17: UNI - CALOFIC ( CHUYỂN GẠO ) | C17: 100000
... A46: TP2 | B46: TP2 GÒ VẤP | C46: 800000
A47: NL | B47: NGỌC LAN L.AN
A48: THTDH | B48: TÂN HÙNG THÁI ĐỨC HOÀ | C48: 210000
A49: KVBC | B49: KIẾN VƯƠNG BÌNH CHÁNH | C49: 190000
A50: mifa | B50: MIFA TÂN TẠO | C50: 200000
A51: mf | B51: MIFA TÂN TẠO XE NHỎ ( KBX ) | C51: 800000
A52: BP | B52: BÌNH PHƯỚC
A53: BT | B53: BÌNH TRÍ | C53: 212000
A54: MKR | B54: MAKARA | C54: 200000
A55: TN | B55: TÂY NINH
A56: VL | B56: PHÔI VIỆT LONG
A57: SD | B57: SA ĐÉC
A58: TNOTX | B58: THỐT NỐT XÁ | C58: 370000
A59: CD | B59: CHÂU ĐỐC
A60: HG | B60: HẬU GAING
A61: HT | B61: HÀ TIÊN
A62: PQ | B62: PHÚ QUỐC
A63: NE3 | B63: NESTLE 3-7 | C63: 442000
A64: NE7 | B64: NESTLE 7-10 | C64: 393000
A65: NE10 | B65: NESTLE >10 | C65: 363000
A66: NDNA | B66: NDFC - NAIC BẾN LỨC | C66: 2400000
A67: NAUN | B67: NAIC -UNI | C67: 2400000
A68: nta | B68: NHẬT TRÚC ANH TRẢNG BOM | C68: 240000
A69: TCLA | B69: TRUE CARE LONG AN | C69: 220000
A70: QXT | B70: QUANG XUÂN TRƯỜNG P.GIÁO | C70: 230000
A71: GHTGP | B71: GIA HOÀNG TIỀN GIANG PALLET | C71: 230000
A72: GHTGX | B72: GIA HOÀNG TIỀN GIANG XÁ | C72: 230000
A73: KVVL | B73: KIÊN VƯƠNG VĨNH LONG | C73: 260000
A74: LXUN | B74: LONG XUYÊN - UNI | C74: 200000
... A93: AH | B93: AH THUẬN AN | C93: 900000
A94: AMI | B94: AMIGO ĐỨC HOÀ ( K BX ) | C94: 900000 | D94: KHÔNG BỐC XẾP
A95: AJNO | B95: AJNOMOTO L.THÀNH | C95: 1000000
A96: ABC | B96: ABC BACKERRY Q6 | C96: 800000
A97: aa | B97: Á ÂU BT | C97: 800000
A98: ACE | B98: ACECOOK TÂN PHÚ | C98: 800000
A99: AT | B99: ÂN THÁI LTK Q10 | C99: 800000
A100: AG | B100: AGIFISH TÂN BÌNH | C100: 800000
A101: agr | B101: Agrex SG | C101: 800000 | D101: KHÔNG BỐC XẾP
A102: APIS | B102: APIS ( KBX ) | C102: 800000
A103: API | B103: APIS TRÃ TANK ( KBX ) | C103: 400000
A104: abY | B104: ABY SHOP GÒ VẤP | C104: 800000
A105: ANBS | B105: ANBS TÂN PHÚ | C105: 800000
A106: ASIA | B106: ASIASHINE | C106: 800000
A107: AF | B107: ANFOOD Q12 ( K BX ) | C107: 800000 | D107: KHÔNG BỐC XẾP
A108: AMER | B108: AMERICA HERITAGE | C108: 900000
A110: BIVY | B110: BIVY BÌNH CHÁNH | C110: 800000
A111: BIBI | B111: BIBICA MIỀN TÂY ( KBX ) | C111: 900000 | D111: KHÔNG BỐC XẾP
A112: btay | B112: Bình Tây - Quận 7 ( KBX ) | C112: 800000 | D112: KHÔNG BỐC XẾP
A113: BLONG | B113: BẢO LONG | C113: 800000
A114: BBBH | B114: BIBICA BIÊN HOÀ ( KBX ) | C114: 900000 | D114: KHÔNG BỐC XẾP
A115: BF | B115: BEST FOOD | C115: 900000
A116: BTRI | B116: BÌNH TRÍ-LONG AN | C116: 900000
A117: IFH | B117: IFH TÂN UYÊN | C117: 1000000
A118: BV | B118: BÁNH VÀNG HIỆP PHƯỚC | C118: 400000 | D118: CÓ BX
A119: BCD | B119: BÉ CẦN ĐƯỚC ( K BX ) DI AN | C119: 900000 | D119: KHÔNG BỐC XẾP
A120: BDBM | B120: BINH DƯƠNG BRANCH MAXIDI ( KBX ) | C120: 900000
A122: cnhl | B122: CÁ NGỪ HẠ LONG | C122: 800000
A123: CTT | B123: CHÂU TRƯỜNG THỊNH | C123: 800000
A124: CH207 | B124: CH 207 | C124: 800000
A125: CC | B125: CON CƯNG BÌNH DƯƠNG | C125: 900000
A126: CP | B126: CỔ PHẦN TRANG NHÀ BÈ | C126: 800000
A127: CH | B127: CÁT HẢI LONG HẬU | C127: 800000
A128: casa | B128: Casabella - Q7 | C128: 800000
A129: CLm | B129: CHOLIMEX VĨNH LỘC ( K BX ) | C129: 800000 | D129: KHÔNG BỐC XẾP
A130: clmla | B130: CHOLIMEX LONG AN ( K BX ) | C130: 900000 | D130: KHÔNG BỐC XẾP
A131: clmbc | B131: CHOLIMEX BINH CHÁNH ( KBX ) | C131: 800000
A132: CHCL | B132: CẨM HƯƠNG CHƠ LỚN ( K BX ) | C132: 800000 | D132: KHÔNG BỐC XẾP
A133: CMC | B133: CHERMICAL ĐỨC HOÀ | C133: 900000
A134: CFPV | B134: CAFE PHƯƠNG VY TÂN UYÊN | C134: 1000000
A135: clvlh | B135: CLV LONG HẬU ( K BX ) | C135: 400000
A136: CTYS | B136: CTY SUPREME ( KBX ) | C136: 1100000
A137: CTSP | B137: CTY SAPA | C137: 900000
A138: TLV | B138: TÂN LÚA VÀNG ( KBX ) | C138: 800000
A140: 3KSH | B140: 3KS H.T.PHÁT ( K BX ) | C140: 700000
A141: 3ksd | B141: 3KS ĐỨC HOÀ | C141: 1000000
A142: 3KSDA | B142: 3ks DĨ AN ( K BX ) | C142: 900000
A143: 3KSTP | B143: 3KS TÂN PHÚ ( K BX ) | C143: 900000
A144: DMH | B144: ĐẠT MẠNH HÙNG LONG THÀNH | C144: 900000
A145: DT | B145: ĐỨC THANH | C145: 800000
... A157: DNG | B157: ĐẠT NGỌC | C157: 800000
A158: DLVN | B158: ĐÔNG LIM VINA L.THÀNH ( KBX ) | C158: 900000 | D158: K BỐC XẾP
A159: DTO | B159: ĐỨC TỎ | C159: 800000
A160: dpTD | B160: D,P THỦ ĐỨC ( K BX) | C160: 800000
A161: ĐTMTX | B161: ĐÔNG THANH MỸ THO XÁ | C161: 230000
...

Sheet XE NHỎ
D1: CÔNG TNHH DV VT PHÚ PHÁT
D2: 165 Đỗ Thị Lời, P11, Q3, TP. HCM.
D3: cônG TNHH DV VT PHÚ PHÁT
D4: 45961 | Q4: LƯU
D5: Tên : | J5: Số xe :
K6: P | P6: #N/A
A7: F | B7: TÊN | D7: Ngày | E7: Số xe | F7: Nơi giao | H7: Cđường | I7: Cđường | J7: ghi chú | K7: TẤN | L7: B.XẾP | M7: C.phí | N7: ghi chú | O7: TÀI | P7: Đơn giá | Q7: Thành tiền
A8: 10 | B8: hl | C8: z | D8: 46146 | E8: =VLOOKUP($C8,[1]xe!$A:$B,2,0) -> 50H-44024 | F8: =VLOOKUP($B8,[1]ma!$A:$B,2,0) -> HÂN LÊ HÓC MÔN | G8: 71329 | H8: 11/5 | K8: 2 | L8: =K8*50000 -> 100000 | O8: 1 | P8: =VLOOKUP($B8,[1]ma!$A:$C,3,0) -> 800000 | Q8: 880000 | R8: 0.1
A9: 1 | B9: EM | C9: P VŨ | D9: 46083 | E9: =VLOOKUP($C9,xe!$A:$B,2,0) -> 50H-60635 | F9: =VLOOKUP($B9,ma!$A:$B,2,0) -> E MART GÒ VẤP | G9: 35462 | H9: 5/3 | J9: UNI | K9: 1.6 | L9: =K9*50000 -> 80000 | O9: 1 | P9: =VLOOKUP($B9,ma!$A:$C,3,0) -> 800000 | Q9: =VLOOKUP($B9,ma!$A:$C,3,0) -> 800000
A10: =A9+1 -> 2 | B10: EM | C10: Y1 | D10: 46083 | E10: =VLOOKUP($C10,xe!$A:$B,2,0) -> 50H-55829 | F10: =VLOOKUP($B10,ma!$A:$B,2,0) -> E MART GÒ VẤP | G10: 35478+35475 | H10: 5/3 | J10: UNI | K10: 1.6 | L10: =K10*50000 -> 80000 | O10: 1 | P10: =VLOOKUP($B10,ma!$A:$C,3,0) -> 800000 | Q10: =VLOOKUP($B10,ma!$A:$C,3,0) -> 800000
A11: =A10+1 -> 3 | B11: EM | C11: I THI | D11: 46083 | E11: =VLOOKUP($C11,xe!$A:$B,2,0) -> 50H-86564 | F11: =VLOOKUP($B11,ma!$A:$B,2,0) -> E MART GÒ VẤP | G11: 35457 | H11: 5/3 | J11: UNI | K11: 1.6 | L11: =K11*50000 -> 80000 | O11: 1 | P11: =VLOOKUP($B11,ma!$A:$C,3,0) -> 800000 | Q11: =VLOOKUP($B11,ma!$A:$C,3,0) -> 800000
A12: =A11+1 -> 4 | B12: MTAP | C12: X1 | D12: 46083 | E12: =VLOOKUP($C12,xe!$A:$B,2,0) -> 51C-81056 | F12: =VLOOKUP($B12,ma!$A:$B,2,0) -> M. AN PHÚ | G12: pgh | H12: 3/3 | J12: GAO UNI | K12: 2 | L12: =K12*50000 -> 100000 | O12: 1 | P12: =VLOOKUP($B12,ma!$A:$C,3,0) -> 800000 | Q12: =VLOOKUP($B12,ma!$A:$C,3,0) -> 800000
A13: =A12+1 -> 5 | B13: MTAP | C13: X2 | D13: 46083 | E13: =VLOOKUP($C13,xe!$A:$B,2,0) -> 50H-11822 | F13: =VLOOKUP($B13,ma!$A:$B,2,0) -> M. AN PHÚ | G13: pgh | H13: 3/3 | J13: GAO UNI | K13: 2 | L13: =K13*50000 -> 100000 | O13: 1 | P13: =VLOOKUP($B13,ma!$A:$C,3,0) -> 800000 | Q13: =VLOOKUP($B13,ma!$A:$C,3,0) -> 800000
A14: =A13+1 -> 6 | B14: STVT | C14: E1 | D14: 46083 | E14: =VLOOKUP($C14,xe!$A:$B,2,0) -> 51D-38021 | F14: =VLOOKUP($B14,ma!$A:$B,2,0) -> SATRA VIETTEL | G14: 35736+35734+35740+35742+35745 | H14: 5/3 | J14: SX 50H 64316 | K14: 1 | L14: =K14*50000 -> 50000 | O14: 1 | P14: 200000 | Q14: 200000
A15: =A14+1 -> 7 | B15: STVT | C15: Q HẢI | D15: 46083 | E15: =VLOOKUP($C15,xe!$A:$B,2,0) -> 50H-64316 | F15: =VLOOKUP($B15,ma!$A:$B,2,0) -> SATRA VIETTEL | G15: R | H15: R | J15: 51D 38021 SX | K15: 2.2 | L15: =K15*50000 -> 110000 | O15: 1 | P15: =VLOOKUP($B15,ma!$A:$C,3,0) -> 800000 | Q15: =VLOOKUP($B15,ma!$A:$C,3,0) -> 800000
A16: =A14+1 -> 7 | B16: STVT | C16: E | D16: 46083 | E16: =VLOOKUP($C16,xe!$A:$B,2,0) -> 47H-02023 | F16: =VLOOKUP($B16,ma!$A:$B,2,0) -> SATRA VIETTEL | G16: 35654 | H16: 3/3 | K16: 2.2 | L16: =K16*50000 -> 110000 | O16: 1 | P16: =VLOOKUP($B16,ma!$A:$C,3,0) -> 800000 | Q16: =VLOOKUP($B16,ma!$A:$C,3,0) -> 800000
A17: =A16+1 -> 8 | B17: KFC | C17: U THANH | D17: 46083 | E17: =VLOOKUP($C17,xe!$A:$B,2,0) -> 50H-92136 | F17: =VLOOKUP($B17,ma!$A:$B,2,0) -> KFC GÒ VẤP ( K BX ) | G17: 35497 | H17: 3/3 | J17: NDFC | K17: 2 | L17: 100000 | N17: BX | O17: 1 | P17: =VLOOKUP($B17,ma!$A:$C,3,0) -> 800000 | Q17: =VLOOKUP($B17,ma!$A:$C,3,0) -> 800000
A18: =A17+1 -> 9 | B18: KFC | C18: X4 | D18: 46083 | E18: =VLOOKUP($C18,xe!$A:$B,2,0) -> 62H-01887 | F18: =VLOOKUP($B18,ma!$A:$B,2,0) -> KFC GÒ VẤP ( K BX ) | G18: 35513 | H18: 3/3 | J18: NDFC | K18: 2 | L18: =K18*50000 -> 100000 | N18: BX | O18: 1 | P18: =VLOOKUP($B18,ma!$A:$C,3,0) -> 800000 | Q18: =VLOOKUP($B18,ma!$A:$C,3,0) -> 800000
A19: =A18+1 -> 10 | B19: KFC | C19: C THẠCH | D19: 46083 | E19: =VLOOKUP($C19,xe!$A:$B,2,0) -> 50H-74619 | F19: =VLOOKUP($B19,ma!$A:$B,2,0) -> KFC GÒ VẤP ( K BX ) | G19: 35505 | H19: 3/3 | J19: NDFC | K19: 2 | L19: =K19*50000 -> 100000 | N19: BX | O19: 1 | P19: =VLOOKUP($B19,ma!$A:$C,3,0) -> 800000 | Q19: =VLOOKUP($B19,ma!$A:$C,3,0) -> 800000
A20: =A19+1 -> 11 | B20: KFC | C20: A LỢI | D20: 46083 | E20: =VLOOKUP($C20,xe!$A:$B,2,0) -> 50H 87442 | F20: =VLOOKUP($B20,ma!$A:$B,2,0) -> KFC GÒ VẤP ( K BX ) | G20: 35499 | H20: 3/3 | J20: NDFC | K20: 2 | L20: =K20*50000 -> 100000 | N20: BX | O20: 1 | P20: =VLOOKUP($B20,ma!$A:$C,3,0) -> 800000 | Q20: =VLOOKUP($B20,ma!$A:$C,3,0) -> 800000
A21: =A20+1 -> 12 | B21: SSG | C21: LONG | D21: 46083 | E21: =VLOOKUP($C21,xe!$A:$B,2,0) -> 50H-55443 | F21: =VLOOKUP($B21,ma!$A:$B,2,0) -> SATRA SÀI GÒN | G21: 35510 | H21: 3/3 | K21: 2 | L21: =K21*50000 -> 100000 | O21: 1 | P21: =VLOOKUP($B21,ma!$A:$C,3,0) -> 800000 | Q21: =VLOOKUP($B21,ma!$A:$C,3,0) -> 800000
A22: =A21+1 -> 13 | B22: SSG | C22: N THUẬN | D22: 46083 | E22: =VLOOKUP($C22,xe!$A:$B,2,0) -> 50H-66445 | F22: =VLOOKUP($B22,ma!$A:$B,2,0) -> SATRA SÀI GÒN | G22: 35506+35508+35507 | H22: 3/3 | K22: 2.2 | L22: =K22*50000 -> 110000 | O22: 1 | P22: =VLOOKUP($B22,ma!$A:$C,3,0) -> 800000 | Q22: =VLOOKUP($B22,ma!$A:$C,3,0) -> 800000
A23: =A22+1 -> 14 | B23: SSG | C23: Q HẢI | D23: 46083 | E23: =VLOOKUP($C23,xe!$A:$B,2,0) -> 50H-64316 | F23: =VLOOKUP($B23,ma!$A:$B,2,0) -> SATRA SÀI GÒN | G23: 35571 | H23: 3/3 | K23: 2 | L23: =K23*50000 -> 100000 | M23: 30000 | N23: cơm | O23: 1 | P23: =VLOOKUP($B23,ma!$A:$C,3,0) -> 800000 | Q23: =VLOOKUP($B23,ma!$A:$C,3,0) -> 800000
A24: =A23+1 -> 15 | B24: SSG | C24: Ư LỪA | D24: 46083 | E24: =VLOOKUP($C24,xe!$A:$B,2,0) -> 50H-63174 | F24: =VLOOKUP($B24,ma!$A:$B,2,0) -> SATRA SÀI GÒN | G24: 35511+35516+35519 | H24: 3/3 | J24: GHÉP VVK | K24: 2 | L24: =K24*50000 -> 100000 | O24: 1 | P24: =VLOOKUP($B24,ma!$A:$C,3,0) -> 800000 | Q24: =VLOOKUP($B24,ma!$A:$C,3,0) -> 800000
A25: =A24+1 -> 16 | B25: KFC | C25: R THI | D25: 46083 | E25: =VLOOKUP($C25,xe!$A:$B,2,0) -> 50H-55161 | F25: =VLOOKUP($B25,ma!$A:$B,2,0) -> KFC GÒ VẤP ( K BX ) | G25: 35568 | H25: 3/3 | K25: 2 | L25: 50000 | M25: 50000 | N25: bx | O25: 1 | P25: =VLOOKUP($B25,ma!$A:$C,3,0) -> 800000 | Q25: =VLOOKUP($B25,ma!$A:$C,3,0) -> 800000
A26: =A25+1 -> 17 | B26: KFC | C26: A DUNG | D26: 46083 | E26: =VLOOKUP($C26,xe!$A:$B,2,0) -> 50E-565,21 | F26: =VLOOKUP($B26,ma!$A:$B,2,0) -> KFC GÒ VẤP ( K BX ) | G26: 35466 | H26: 3/3 | K26: 2.2 | O26: 1 | P26: =VLOOKUP($B26,ma!$A:$C,3,0) -> 800000 | Q26: =VLOOKUP($B26,ma!$A:$C,3,0) -> 800000
A27: =A26+1 -> 18 | B27: KFC | C27: Y THANH | D27: 46083 | E27: =VLOOKUP($C27,xe!$A:$B,2,0) -> 50H-69501 | F27: =VLOOKUP($B27,ma!$A:$B,2,0) -> KFC GÒ VẤP ( K BX ) | G27: 35465 | H27: 3/3 | K27: 2.2 | L27: 50000 | M27: 20000 | N27: xn | O27: 1 | P27: =VLOOKUP($B27,ma!$A:$C,3,0) -> 800000 | Q27: =VLOOKUP($B27,ma!$A:$C,3,0) -> 800000
A28: =A27+1 -> 19 | B28: KFC | C28: F SƠN | D28: 46083 | E28: =VLOOKUP($C28,xe!$A:$B,2,0) -> 50H-54580 | F28: =VLOOKUP($B28,ma!$A:$B,2,0) -> KFC GÒ VẤP ( K BX ) | G28: 35463 | H28: 3/3 | K28: 2.2 | L28: 50000 | M28: 20000 | N28: bx | O28: 1 | P28: =VLOOKUP($B28,ma!$A:$C,3,0) -> 800000 | Q28: =VLOOKUP($B28,ma!$A:$C,3,0) -> 800000
A29: =A28+1 -> 20 | B29: NTRU | C29: B TÂM | D29: 46083 | E29: =VLOOKUP($C29,xe!$A:$B,2,0) -> 50H-70216 | F29: =VLOOKUP($B29,ma!$A:$B,2,0) -> NGUYỄN TRƯƠNG | G29: 35501+35503 | H29: 3/3 | K29: 2.2 | L29: =K29*50000 -> 110000 | O29: 1 | P29: =VLOOKUP($B29,ma!$A:$C,3,0) -> 800000 | Q29: =VLOOKUP($B29,ma!$A:$C,3,0) -> 800000
A30: =A29+1 -> 21 | B30: TAB | C30: D PHÚ | D30: 46083 | E30: =VLOOKUP($C30,xe!$A:$B,2,0) -> 50H-50999 | F30: =VLOOKUP($B30,ma!$A:$B,2,0) -> TA BAKER Q,12 | G30: 35592 | H30: 5/3 | K30: 1.4 | L30: =K30*50000 -> 70000 | O30: 1 | P30: =VLOOKUP($B30,ma!$A:$C,3,0) -> 800000 | Q30: =VLOOKUP($B30,ma!$A:$C,3,0) -> 800000
A31: =A30+1 -> 22 | B31: TAB | C31: V LUÂN | D31: 46083 | E31: =VLOOKUP($C31,xe!$A:$B,2,0) -> 50H-64470 | F31: =VLOOKUP($B31,ma!$A:$B,2,0) -> TA BAKER Q,12 | G31: 3495+35495 | H31: 5/3 | K31: 1.4 | L31: =K31*50000 -> 70000 | O31: 1 | P31: =VLOOKUP($B31,ma!$A:$C,3,0) -> 800000 | Q31: =VLOOKUP($B31,ma!$A:$C,3,0) -> 800000
A32: =A31+1 -> 23 | B32: MNVT | C32: T LUÂN | D32: 46083 | E32: =VLOOKUP($C32,xe!$A:$B,2,0) -> 50H-55116 | F32: =VLOOKUP($B32,ma!$A:$B,2,0) -> MN VĨNH THẠNH | G32: 35584+35581 | H32: 3/3 | K32: 1 | L32: =K32*50000 -> 50000 | O32: 1 | P32: =VLOOKUP($B32,ma!$A:$C,3,0) -> 800000 | Q32: =VLOOKUP($B32,ma!$A:$C,3,0) -> 800000
A33: =A32+1 -> 24 | B33: SPM | C33: V LUÂN | D33: 46083 | E33: =VLOOKUP($C33,xe!$A:$B,2,0) -> 50H-64470 | F33: =VLOOKUP($B33,ma!$A:$B,2,0) -> SPM TÂN TẠO | G33: 35754 | H33: 5/3 | I33: 10000 | K33: 1.2 | L33: =K33*50000 -> 60000 | M33: 30000 | N33: cơm | O33: 1 | P33: =VLOOKUP($B33,ma!$A:$C,3,0) -> 800000 | Q33: =VLOOKUP($B33,ma!$A:$C,3,0) -> 800000
A34: =A33+1 -> 25 | B34: VHQ8 | C34: G NHANH | D34: 46083 | E34: =VLOOKUP($C34,xe!$A:$B,2,0) -> 51H -88294 | F34: =VLOOKUP($B34,ma!$A:$B,2,0) -> VĂN HẬU Q8 ( K BX ) | G34: R | H34: R | J34: GIAO BƯU LONG | K34: 2.2 | L34: 200000 | N34: BX | O34: 1 | P34: =VLOOKUP($B34,ma!$A:$C,3,0) -> 800000 | Q34: =VLOOKUP($B34,ma!$A:$C,3,0) -> 800000
A35: =A34+1 -> 26 | B35: AF | C35: F SƠN | D35: 46083 | E35: =VLOOKUP($C35,xe!$A:$B,2,0) -> 50H-54580 | F35: =VLOOKUP($B35,ma!$A:$B,2,0) -> ANFOOD Q12 ( K BX ) | G35: 35923 | H35: 4/3 | K35: 2 | L35: 50000 | M35: 30000 | N35: cơm | O35: 1 | P35: =VLOOKUP($B35,ma!$A:$C,3,0) -> 800000 | Q35: =VLOOKUP($B35,ma!$A:$C,3,0) -> 800000
A36: =A35+1 -> 27 | B36: BHCD | C36: R THI | D36: 46083 | E36: =VLOOKUP($C36,xe!$A:$B,2,0) -> 50H-55161 | F36: =VLOOKUP($B36,ma!$A:$B,2,0) -> BHX CẦN ĐƯỚC | G36: 35996 | H36: 3/3 | K36: 2 | L36: 250000 | O36: 1 | P36: =VLOOKUP($B36,ma!$A:$C,3,0) -> 900000 | Q36: =VLOOKUP($B36,ma!$A:$C,3,0) -> 900000
A37: =A36+1 -> 28 | B37: BHCD | C37: C THẠCH | D37: 46083 | E37: =VLOOKUP($C37,xe!$A:$B,2,0) -> 50H-74619 | F37: =VLOOKUP($B37,ma!$A:$B,2,0) -> BHX CẦN ĐƯỚC | G37: 36000 | H37: 3/3 | K37: 2 | L37: 210000 | M37: 30000 | N37: cơm | O37: 1 | P37: =VLOOKUP($B37,ma!$A:$C,3,0) -> 900000 | Q37: =VLOOKUP($B37,ma!$A:$C,3,0) -> 900000
A38: =A37+1 -> 29 | B38: BXA | C38: A DUNG | D38: 46083 | E38: =VLOOKUP($C38,xe!$A:$B,2,0) -> 50E-565,21 | F38: =VLOOKUP($B38,ma!$A:$B,2,0) -> BHX XUYÊN Á | G38: 35969+3740 | H38: 5/3 | K38: 1.2 | L38: =K38*80000 -> 96000 | O38: 1 | P38: =VLOOKUP($B38,ma!$A:$C,3,0) -> 900000 | Q38: =VLOOKUP($B38,ma!$A:$C,3,0) -> 900000
A39: =A38+1 -> 30 | B39: BTDN | C39: Z | D39: 46083 | E39: =VLOOKUP($C39,xe!$A:$B,2,0) -> 50H-44024 | F39: =VLOOKUP($B39,ma!$A:$B,2,0) -> BHX ( TĐN) | G39: 35917+3739 | H39: 6/3 | K39: 1.8 | L39: =K39*80000 -> 144000 | O39: 1 | P39: =VLOOKUP($B39,ma!$A:$C,3,0) -> 800000 | Q39: =VLOOKUP($B39,ma!$A:$C,3,0) -> 800000
A40: =A39+1 -> 31 | B40: BNB | C40: T LUÂN | D40: 46083 | E40: =VLOOKUP($C40,xe!$A:$B,2,0) -> 50H-55116 | F40: =VLOOKUP($B40,ma!$A:$B,2,0) -> BHX NHÀ BÈ | G40: 3738+35893 | H40: 3/3 | K40: 1.6 | L40: =K40*50000 -> 80000 | O40: 1 | P40: =VLOOKUP($B40,ma!$A:$C,3,0) -> 400000 | Q40: =VLOOKUP($B40,ma!$A:$C,3,0) -> 400000
A41: =A40+1 -> 32 | B41: BNB | C41: B TÂM | D41: 46083 | E41: =VLOOKUP($C41,xe!$A:$B,2,0) -> 50H-70216 | F41: =VLOOKUP($B41,ma!$A:$B,2,0) -> BHX NHÀ BÈ | G41: 35757 | H41: 3/3 | K41: 2 | L41: 210000 | O41: 1 | P41: =VLOOKUP($B41,ma!$A:$C,3,0) -> 400000 | Q41: =VLOOKUP($B41,ma!$A:$C,3,0) -> 400000
A42: 1 | B42: ems | C42: E1 | D42: 46084 | E42: =VLOOKUP($C42,xe!$A:$B,2,0) -> 51D-38021 | F42: =VLOOKUP($B42,ma!$A:$B,2,0) -> E MART SALA | G42: 3746 | H42: 5/3 | J42: UNI | K42: 2.4 | L42: =K42*50000 -> 120000 | O42: 1 | P42: =VLOOKUP($B42,ma!$A:$C,3,0) -> 800000 | Q42: =VLOOKUP($B42,ma!$A:$C,3,0) -> 800000
A43: =A42+1 -> 2 | B43: clun | C43: C THẠCH | D43: 46084 | E43: =VLOOKUP($C43,xe!$A:$B,2,0) -> 50H-74619 | F43: =VLOOKUP($B43,ma!$A:$B,2,0) -> CALOFIC - UNI ( xe nhỏ ) | G43: pnh | H43: 4/3 | J43: UNI | K43: 1 | L43: =K43*50000 -> 50000 | O43: 1 | P43: =VLOOKUP($B43,ma!$A:$C,3,0) -> 300000 | Q43: =VLOOKUP($B43,ma!$A:$C,3,0) -> 300000
A44: =A43+1 -> 3 | B44: bcgv | C44: P VŨ | D44: 46084 | E44: =VLOOKUP($C44,xe!$A:$B,2,0) -> 50H-60635 | F44: =VLOOKUP($B44,ma!$A:$B,2,0) -> BC GÒ VẤP | G44: 3749 | H44: 5/3 | J44: GẠO UNI | K44: 1 | L44: =K44*50000 -> 50000 | O44: 1 | P44: =VLOOKUP($B44,ma!$A:$C,3,0) -> 800000 | Q44: =VLOOKUP($B44,ma!$A:$C,3,0) -> 800000
A45: =A44+1 -> 4 | B45: pahm | C45: X1 | D45: 46084 | E45: =VLOOKUP($C45,xe!$A:$B,2,0) -> 51C-81056 | F45: =VLOOKUP($B45,ma!$A:$B,2,0) -> PHẠM ANH HÓC MÔN | G45: 3754 | H45: 7/3 | J45: GẠO UNI | K45: 1.6 | L45: =K45*50000 -> 80000 | O45: 1 | P45: =VLOOKUP($B45,ma!$A:$C,3,0) -> 800000 | Q45: =VLOOKUP($B45,ma!$A:$C,3,0) -> 800000
A46: =A45+1 -> 5 | B46: pahm | C46: U THANH | D46: 46084 | E46: =VLOOKUP($C46,xe!$A:$B,2,0) -> 50H-92136 | F46: =VLOOKUP($B46,ma!$A:$B,2,0) -> PHẠM ANH HÓC MÔN | G46: 3750 | H46: 5/3 | J46: GẠO UNI | K46: 1.6 | L46: =K46*50000 -> 80000 | O46: 1 | P46: =VLOOKUP($B46,ma!$A:$C,3,0) -> 800000 | Q46: =VLOOKUP($B46,ma!$A:$C,3,0) -> 800000
A47: =A46+1 -> 6 | B47: mtap | C47: G NHANH | D47: 46084 | E47: =VLOOKUP($C47,xe!$A:$B,2,0) -> 51H -88294 | F47: =VLOOKUP($B47,ma!$A:$B,2,0) -> M. AN PHÚ | G47: 36137+36128+36134+36131+3572+3571 | H47: 5/3 | K47: 1.8 | L47: =K47*50000 -> 90000 | M47: 70000 | N47: XN+DÍNH GIỜ | O47: 1 | P47: =VLOOKUP($B47,ma!$A:$C,3,0) -> 800000 | Q47: =VLOOKUP($B47,ma!$A:$C,3,0) -> 800000
A48: =A47+1 -> 7 | B48: mtap | C48: V LUÂN | D48: 46084 | E48: =VLOOKUP($C48,xe!$A:$B,2,0) -> 50H-64470 | F48: =VLOOKUP($B48,ma!$A:$B,2,0) -> M. AN PHÚ | G48: 3575+3574 | H48: 5/3 | K48: 1.6 | L48: =K48*50000 -> 80000 | M48: 80000 | N48: xn+giao đêm | O48: 1 | P48: =VLOOKUP($B48,ma!$A:$C,3,0) -> 800000 | Q48: =VLOOKUP($B48,ma!$A:$C,3,0) -> 800000
A49: =A48+1 -> 8 | B49: lg | C49: E | D49: 46084 | E49: =VLOOKUP($C49,xe!$A:$B,2,0) -> 47H-02023 | F49: =VLOOKUP($B49,ma!$A:$B,2,0) -> LÊ GIA THỦ ĐỨC | G49: 36089+36093 | H49: 5/3 | K49: 1.2 | L49: =K49*50000 -> 60000 | O49: 1 | P49: =VLOOKUP($B49,ma!$A:$C,3,0) -> 800000 | Q49: =VLOOKUP($B49,ma!$A:$C,3,0) -> 800000
A50: =A49+1 -> 9 | B50: us | C50: X2 | D50: 46084 | E50: =VLOOKUP($C50,xe!$A:$B,2,0) -> 50H-11822 | F50: =VLOOKUP($B50,ma!$A:$B,2,0) -> US PHARMA (KBX ) | G50: 36163 | H50: 5/3 | K50: 2.2 | O50: 1 | P50: =VLOOKUP($B50,ma!$A:$C,3,0) -> 900000 | Q50: =VLOOKUP($B50,ma!$A:$C,3,0) -> 900000
A51: =A50+1 -> 10 | B51: vnhp | C51: I THI | D51: 46084 | E51: =VLOOKUP($C51,xe!$A:$B,2,0) -> 50H-86564 | F51: =VLOOKUP($B51,ma!$A:$B,2,0) -> VỊ NGỌT HAPPY ( K BX ) | G51: 36176 | H51: 5/3 | K51: 1 | O51: 1 | P51: =VLOOKUP($B51,ma!$A:$C,3,0) -> 800000 | Q51: =VLOOKUP($B51,ma!$A:$C,3,0) -> 800000
A52: =A51+1 -> 11 | B52: vnhp | C52: Y1 | D52: 46084 | E52: =VLOOKUP($C52,xe!$A:$B,2,0) -> 50H-55829 | F52: =VLOOKUP($B52,ma!$A:$B,2,0) -> VỊ NGỌT HAPPY ( K BX ) | G52: 36182 | H52: 5/3 | K52: 1.4 | O52: 1 | P52: =VLOOKUP($B52,ma!$A:$C,3,0) -> 800000 | Q52: =VLOOKUP($B52,ma!$A:$C,3,0) -> 800000
A53: =A52+1 -> 12 | B53: ntru | C53: A LỢI | D53: 46084 | E53: =VLOOKUP($C53,xe!$A:$B,2,0) -> 50H 87442 | F53: =VLOOKUP($B53,ma!$A:$B,2,0) -> NGUYỄN TRƯƠNG | G53: 36197 | H53: 5/3 | K53: 1.2 | L53: =K53*50000 -> 60000 | O53: 1 | P53: =VLOOKUP($B53,ma!$A:$C,3,0) -> 800000 | Q53: =VLOOKUP($B53,ma!$A:$C,3,0) -> 800000
A54: =A53+1 -> 13 | B54: ntru | C54: Y THANH | D54: 46084 | E54: =VLOOKUP($C54,xe!$A:$B,2,0) -> 50H-69501 | F54: =VLOOKUP($B54,ma!$A:$B,2,0) -> NGUYỄN TRƯƠNG | G54: 3567+3566+36102+36100 | H54: 5/3 | K54: 1.2 | L54: =K54*50000 -> 60000 | O54: 1 | P54: =VLOOKUP($B54,ma!$A:$C,3,0) -> 800000 | Q54: =VLOOKUP($B54,ma!$A:$C,3,0) -> 800000
A55: =A54+1 -> 14 | B55: ddc | C55: Ư LỪA | D55: 46084 | E55: =VLOOKUP($C55,xe!$A:$B,2,0) -> 50H-63174 | F55: =VLOOKUP($B55,ma!$A:$B,2,0) -> DƯƠNG DƯƠNG CHÂU | G55: 36110+36108+3569+3570 | H55: 5/3 | K55: 1.8 | L55: =K55*50000 -> 90000 | O55: 1 | P55: =VLOOKUP($B55,ma!$A:$C,3,0) -> 800000 | Q55: =VLOOKUP($B55,ma!$A:$C,3,0) -> 800000
A56: =A55+1 -> 15 | B56: ddc | C56: LONG | D56: 46084 | E56: =VLOOKUP($C56,xe!$A:$B,2,0) -> 50H-55443 | F56: =VLOOKUP($B56,ma!$A:$B,2,0) -> DƯƠNG DƯƠNG CHÂU | G56: 36107 | H56: 5/3 | K56: 1.6 | L56: =K56*50000 -> 80000 | O56: 1 | P56: =VLOOKUP($B56,ma!$A:$C,3,0) -> 800000 | Q56: =VLOOKUP($B56,ma!$A:$C,3,0) -> 800000
A57: =A56+1 -> 16 | B57: ppm | C57: N THUẬN | D57: 46084 | E57: =VLOOKUP($C57,xe!$A:$B,2,0) -> 50H-66445 | F57: =VLOOKUP($B57,ma!$A:$B,2,0) -> PHẠM PHAN MES CỦ CHI ( K BX ) | G57: 36154 | H57: 5/3 | K57: 1.6 | L57: 170000 | O57: 1 | P57: =VLOOKUP($B57,ma!$A:$C,3,0) -> 900000 | Q57: =VLOOKUP($B57,ma!$A:$C,3,0) -> 900000
A58: =A57+1 -> 17 | B58: ppm | C58: X4 | D58: 46084 | E58: =VLOOKUP($C58,xe!$A:$B,2,0) -> 62H-01887 | F58: =VLOOKUP($B58,ma!$A:$B,2,0) -> PHẠM PHAN MES CỦ CHI ( K BX ) | G58: 36156 | H58: 5/3 | K58: 1.6 | O58: 1 | P58: =VLOOKUP($B58,ma!$A:$C,3,0) -> 900000 | Q58: =VLOOKUP($B58,ma!$A:$C,3,0) -> 900000
A59: =A58+1 -> 18 | B59: papa | C59: R THI | D59: 46084 | E59: =VLOOKUP($C59,xe!$A:$B,2,0) -> 50H-55161 | F59: =VLOOKUP($B59,ma!$A:$B,2,0) -> Paparotti Tân Phú | G59: 36198+36199 | H59: 5/3 | K59: 1.2 | L59: =K59*50000 -> 60000 | O59: 1 | P59: =VLOOKUP($B59,ma!$A:$C,3,0) -> 800000 | Q59: =VLOOKUP($B59,ma!$A:$C,3,0) -> 800000
A60: =A59+1 -> 19 | B60: BDBM | C60: B TÂM | D60: 46084 | E60: =VLOOKUP($C60,xe!$A:$B,2,0) -> 50H-70216 | F60: =VLOOKUP($B60,ma!$A:$B,2,0) -> BINH DƯƠNG BRANCH MAXIDI ( KBX ) | G60: pgh | H60: 5/3 | K60: 1.6 | L60: 50000 | O60: 1 | P60: =VLOOKUP($B60,ma!$A:$C,3,0) -> 900000 | Q60: =VLOOKUP($B60,ma!$A:$C,3,0) -> 900000
A61: =A60+1 -> 20 | B61: BDBM | C61: T LUÂN | D61: 46084 | E61: =VLOOKUP($C61,xe!$A:$B,2,0) -> 50H-55116 | F61: =VLOOKUP($B61,ma!$A:$B,2,0) -> BINH DƯƠNG BRANCH MAXIDI ( KBX ) | G61: pgh | H61: 5/3 | K61: 1.6 | L61: 50000 | O61: 1 | P61: =VLOOKUP($B61,ma!$A:$C,3,0) -> 900000 | Q61: =VLOOKUP($B61,ma!$A:$C,3,0) -> 900000
A62: =A61+1 -> 21 | B62: BDBM | C62: Z | D62: 46084 | E62: =VLOOKUP($C62,xe!$A:$B,2,0) -> 50H-44024 | F62: =VLOOKUP($B62,ma!$A:$B,2,0) -> BINH DƯƠNG BRANCH MAXIDI ( KBX ) | G62: pgh | H62: 5/3 | K62: 1.6 | O62: 1 | P62: =VLOOKUP($B62,ma!$A:$C,3,0) -> 900000 | Q62: =VLOOKUP($B62,ma!$A:$C,3,0) -> 900000
A63: =A62+1 -> 22 | B63: LNGUYEN | C63: Q HẢI | D63: 46084 | E63: =VLOOKUP($C63,xe!$A:$B,2,0) -> 50H-64316 | F63: =VLOOKUP($B63,ma!$A:$B,2,0) -> LIÊN NGUYỄN B.CHÁNH | G63: 36467+36462 | H63: 4/3 | K63: 2.2 | L63: =K63*50000 -> 110000 | O63: 1 | P63: =VLOOKUP($B63,ma!$A:$C,3,0) -> 800000 | Q63: =VLOOKUP($B63,ma!$A:$C,3,0) -> 800000
A64: =A63+1 -> 23 | B64: PANH | C64: C THẠCH | D64: 46084 | E64: =VLOOKUP($C64,xe!$A:$B,2,0) -> 50H-74619 | F64: =VLOOKUP($B64,ma!$A:$B,2,0) -> PHÚC ANH - B.THẠNH | G64: 3585 | H64: 4/3 | J64: UNI | K64: 1.2 | L64: =K64*50000 -> 60000 | O64: 1 | P64: =VLOOKUP($B64,ma!$A:$C,3,0) -> 800000 | Q64: =VLOOKUP($B64,ma!$A:$C,3,0) -> 800000
A65: =A64+1 -> 24 | B65: PHV | C65: F SƠN | D65: 46084 | E65: =VLOOKUP($C65,xe!$A:$B,2,0) -> 50H-54580 | F65: =VLOOKUP($B65,ma!$A:$B,2,0) -> PHÚ HOÀNG VINH | G65: 3588 | H65: 4/3 | J65: UNI | K65: 1.8 | L65: =K65*50000 -> 90000 | O65: 1 | P65: =VLOOKUP($B65,ma!$A:$C,3,0) -> 800000 | Q65: =VLOOKUP($B65,ma!$A:$C,3,0) -> 800000
A66: =A65+1 -> 25 | B66: VHCC | C66: Y THANH | D66: 46084 | E66: =VLOOKUP($C66,xe!$A:$B,2,0) -> 50H-69501 | F66: =VLOOKUP($B66,ma!$A:$B,2,0) -> VĂN HẬU CỦ CHI | G66: R | H66: R | K66: 1 | L66: 150000 | M66: 30000 | N66: cơm | O66: 1 | P66: =VLOOKUP($B66,ma!$A:$C,3,0) -> 900000 | Q66: =VLOOKUP($B66,ma!$A:$C,3,0) -> 900000
A67: =A66+1 -> 26 | B67: vhq8 | C67: n thuận | D67: 46084 | E67: =VLOOKUP($C67,xe!$A:$B,2,0) -> 50H-66445 | F67: =VLOOKUP($B67,ma!$A:$B,2,0) -> VĂN HẬU Q8 ( K BX ) | G67: R | H67: R | K67: 2.2 | L67: 50000 | M67: 30000 | N67: cơm | O67: 1 | P67: =VLOOKUP($B67,ma!$A:$C,3,0) -> 800000 | Q67: =VLOOKUP($B67,ma!$A:$C,3,0) -> 800000
A68: =A67+1 -> 27 | B68: xv | C68: z | D68: 46084 | E68: =VLOOKUP($C68,xe!$A:$B,2,0) -> 50H-44024 | F68: =VLOOKUP($B68,ma!$A:$B,2,0) -> XUÂN VÂN ( K BX ) | G68: 36609 | H68: 6/3 | K68: 1.8 | O68: 1 | P68: =VLOOKUP($B68,ma!$A:$C,3,0) -> 800000 | Q68: =VLOOKUP($B68,ma!$A:$C,3,0) -> 800000
A69: =A68+1 -> 28 | B69: bnb | C69: r thi | D69: 46084 | E69: =VLOOKUP($C69,xe!$A:$B,2,0) -> 50H-55161 | F69: =VLOOKUP($B69,ma!$A:$B,2,0) -> BHX NHÀ BÈ | G69: 36436+36460+36438+36455 | H69: 5/3 | J69: NDFC | K69: 1.8 | L69: 200000 | M69: 30000 | N69: cơm | O69: 1 | P69: =VLOOKUP($B69,ma!$A:$C,3,0) -> 400000 | Q69: =VLOOKUP($B69,ma!$A:$C,3,0) -> 400000
A70: =A69+1 -> 29 | B70: bnb | C70: c thạch | D70: 46084 | E70: =VLOOKUP($C70,xe!$A:$B,2,0) -> 50H-74619 | F70: =VLOOKUP($B70,ma!$A:$B,2,0) -> BHX NHÀ BÈ | G70: 36657 | H70: 7/3 | K70: 2.2 | L70: 190000 | M70: 30000 | N70: cơm | O70: 1 | P70: =VLOOKUP($B70,ma!$A:$C,3,0) -> 400000 | Q70: =VLOOKUP($B70,ma!$A:$C,3,0) -> 400000
A71: =A70+1 -> 30 | B71: bnb | C71: f sơn | D71: 46084 | E71: =VLOOKUP($C71,xe!$A:$B,2,0) -> 50H-54580 | F71: =VLOOKUP($B71,ma!$A:$B,2,0) -> BHX NHÀ BÈ | G71: 36546+36552 | H71: 7/3 | K71: 2 | L71: 210000 | M71: 30000 | N71: cơm | O71: 1 | P71: =VLOOKUP($B71,ma!$A:$C,3,0) -> 400000 | Q71: =VLOOKUP($B71,ma!$A:$C,3,0) -> 400000
A72: =A71+1 -> 31 | B72: bvl | C72: a lợi | D72: 46084 | E72: =VLOOKUP($C72,xe!$A:$B,2,0) -> 50H 87442 | F72: =VLOOKUP($B72,ma!$A:$B,2,0) -> BHX ( VL) | G72: 36514 | H72: 5/3 | K72: 1.8 | L72: 210000 | M72: 30000 | N72: cơm | O72: 1 | P72: =VLOOKUP($B72,ma!$A:$C,3,0) -> 800000 | Q72: =VLOOKUP($B72,ma!$A:$C,3,0) -> 800000
A73: =A72+1 -> 32 | B73: bvl | C73: ư lừa | D73: 46084 | E73: =VLOOKUP($C73,xe!$A:$B,2,0) -> 50H-63174 | F73: =VLOOKUP($B73,ma!$A:$B,2,0) -> BHX ( VL) | G73: 36567 | H73: 5/3 | J73: SX 50H 55443 | K73: 1 | L73: =K73*50000 -> 50000 | M73: 90000 | N73: cơm+gap 2 chuyến | O73: 1 | P73: =VLOOKUP($B73,ma!$A:$C,3,0) -> 800000 | Q73: =VLOOKUP($B73,ma!$A:$C,3,0) -> 800000
A74: =A73+1 -> 33 | B74: bvl | C74: long | D74: 46084 | E74: =VLOOKUP($C74,xe!$A:$B,2,0) -> 50H-55443 | F74: =VLOOKUP($B74,ma!$A:$B,2,0) -> BHX ( VL) | G74: 36577 | H74: 5/3 | J74: 50H 63174 SX | K74: 4 | L74: 420000 | M74: 30000 | N74: cơm bx + bx sx 69174 | O74: 1 | P74: =VLOOKUP($B74,ma!$A:$C,3,0) -> 800000 | Q74: =VLOOKUP($B74,ma!$A:$C,3,0) -> 800000
A75: 1 | B75: lttb | C75: U THANH | D75: 46085 | E75: =VLOOKUP($C75,xe!$A:$B,2,0) -> 50H-92136 | F75: =VLOOKUP($B75,ma!$A:$B,2,0) -> LOTTE-TÂN BÌNH | G75: 36724+36723+36721+3637+36720+36722 | H75: 24/3 | J75: UNI | K75: 1.2 | L75: =K75*50000 -> 60000 | O75: 1 | P75: =VLOOKUP($B75,ma!$A:$C,3,0) -> 800000 | Q75: =VLOOKUP($B75,ma!$A:$C,3,0) -> 800000
A76: 2 | B76: lttb | C76: Y1 | D76: 46085 | E76: =VLOOKUP($C76,xe!$A:$B,2,0) -> 50H-55829 | F76: =VLOOKUP($B76,ma!$A:$B,2,0) -> LOTTE-TÂN BÌNH | G76: 3816+3815+3814+36719 | H76: 24/3 | J76: UNI | K76: 1.2 | L76: =K76*50000 -> 60000 | O76: 1 | P76: =VLOOKUP($B76,ma!$A:$C,3,0) -> 800000 | Q76: =VLOOKUP($B76,ma!$A:$C,3,0) -> 800000
A77: 3 | B77: emp | C77: P VŨ | D77: 46085 | E77: =VLOOKUP($C77,xe!$A:$B,2,0) -> 50H-60635 | F77: =VLOOKUP($B77,ma!$A:$B,2,0) -> EMART P.H.ÍCH | G77: 36716+36715+36717+36718+36714 | H77: 10/3 | J77: UNI | K77: 2 | L77: =K77*50000 -> 100000 | O77: 1 | P77: =VLOOKUP($B77,ma!$A:$C,3,0) -> 800000 | Q77: =VLOOKUP($B77,ma!$A:$C,3,0) -> 800000
A78: 4 | B78: emp | C78: x2 | D78: 46085 | E78: =VLOOKUP($C78,xe!$A:$B,2,0) -> 50H-11822 | F78: =VLOOKUP($B78,ma!$A:$B,2,0) -> EMART P.H.ÍCH | G78: 36725+3820 | H78: 10/3 | J78: UNI | K78: 2 | L78: =K78*50000 -> 100000 | O78: 1 | P78: =VLOOKUP($B78,ma!$A:$C,3,0) -> 800000 | Q78: =VLOOKUP($B78,ma!$A:$C,3,0) -> 800000
A79: 5 | B79: patp | C79: A DUNG | D79: 46085 | E79: =VLOOKUP($C79,xe!$A:$B,2,0) -> 50E-565,21 | F79: =VLOOKUP($B79,ma!$A:$B,2,0) -> PHẠM ANH TÂN PHÚ | G79: 3827 | H79: 7/3 | J79: GẠO UNI | K79: 2.2 | L79: =K79*50000 -> 110000 | M79: 15000 | N79: PHÍ VÀO CỔNG | O79: 1 | P79: =VLOOKUP($B79,ma!$A:$C,3,0) -> 800000 | Q79: =VLOOKUP($B79,ma!$A:$C,3,0) -> 800000
A80: 6 | B80: senv | C80: I THI | D80: 46085 | E80: =VLOOKUP($C80,xe!$A:$B,2,0) -> 50H-86564 | F80: =VLOOKUP($B80,ma!$A:$B,2,0) -> SEN VIỆT ( K BX ) | G80: 36773 | H80: 5/3 | K80: 2.2 | O80: 1 | P80: =VLOOKUP($B80,ma!$A:$C,3,0) -> 800000 | Q80: =VLOOKUP($B80,ma!$A:$C,3,0) -> 800000
A81: 7 | B81: bvl | C81: e | D81: 46085 | E81: =VLOOKUP($C81,xe!$A:$B,2,0) -> 47H-02023 | F81: =VLOOKUP($B81,ma!$A:$B,2,0) -> BHX ( VL) | G81: 36790 | H81: 5/3 | J81: NDFC | K81: 2.2 | L81: =K81*80000 -> 176000 | O81: 1 | P81: =VLOOKUP($B81,ma!$A:$C,3,0) -> 800000 | Q81: =VLOOKUP($B81,ma!$A:$C,3,0) -> 800000
A82: 8 | B82: bvl | C82: e1 | D82: 46085 | E82: =VLOOKUP($C82,xe!$A:$B,2,0) -> 51D-38021 | F82: =VLOOKUP($B82,ma!$A:$B,2,0) -> BHX ( VL) | G82: 36806+36785 | H82: 5/3 | J82: NDFC | K82: 2.2 | L82: =K82*80000 -> 176000 | O82: 1 | P82: =VLOOKUP($B82,ma!$A:$C,3,0) -> 800000 | Q82: =VLOOKUP($B82,ma!$A:$C,3,0) -> 800000
A83: 9 | B83: kido | C83: r thi | D83: 46085 | E83: =VLOOKUP($C83,xe!$A:$B,2,0) -> 50H-55161 | F83: =VLOOKUP($B83,ma!$A:$B,2,0) -> KIDO CỦ CHI | G83: 36780 | H83: 5/3 | K83: 1.2 | L83: =K83*50000 -> 60000 | O83: 1 | P83: =VLOOKUP($B83,ma!$A:$C,3,0) -> 900000 | Q83: =VLOOKUP($B83,ma!$A:$C,3,0) -> 900000
A84: 10 | B84: kido | C84: V LUÂN | D84: 46085 | E84: =VLOOKUP($C84,xe!$A:$B,2,0) -> 50H-64470 | F84: =VLOOKUP($B84,ma!$A:$B,2,0) -> KIDO CỦ CHI | G84: 36764 | H84: 10/3 | K84: 1.4 | L84: =K84*50000 -> 70000 | M84: 30000 | N84: cơm | O84: 1 | P84: =VLOOKUP($B84,ma!$A:$C,3,0) -> 900000 | Q84: =VLOOKUP($B84,ma!$A:$C,3,0) -> 900000
A85: 11 | B85: mgvp | C85: Q HẢI | D85: 46085 | E85: =VLOOKUP($C85,xe!$A:$B,2,0) -> 50H-64316 | F85: =VLOOKUP($B85,ma!$A:$B,2,0) -> MEGA VIỆT PHÁT L.HẬU ( K BX ) | G85: 36751 | H85: 5/3 | K85: 1 | L85: 50000 | O85: 1 | P85: =VLOOKUP($B85,ma!$A:$C,3,0) -> 400000 | Q85: =VLOOKUP($B85,ma!$A:$C,3,0) -> 400000
A86: 12 | B86: apis | C86: B TÂM | D86: 46085 | E86: =VLOOKUP($C86,xe!$A:$B,2,0) -> 50H-70216 | F86: =VLOOKUP($B86,ma!$A:$B,2,0) -> APIS ( KBX ) | G86: pgh | H86: 5/3 | K86: 2 | L86: 50000 | M86: 30000 | N86: cơm | O86: 1 | P86: =VLOOKUP($B86,ma!$A:$C,3,0) -> 800000 | Q86: =VLOOKUP($B86,ma!$A:$C,3,0) -> 800000
A87: 13 | B87: apis | C87: Y THANH | D87: 46085 | E87: =VLOOKUP($C87,xe!$A:$B,2,0) -> 50H-69501 | F87: =VLOOKUP($B87,ma!$A:$B,2,0) -> APIS ( KBX ) | G87: pgh | H87: 5/3 | K87: 2 | L87: 50000 | O87: 1 | P87: =VLOOKUP($B87,ma!$A:$C,3,0) -> 800000 | Q87: =VLOOKUP($B87,ma!$A:$C,3,0) -> 800000
A88: 14 | B88: vvl | C88: G NHANH | D88: 46085 | E88: =VLOOKUP($C88,xe!$A:$B,2,0) -> 51H -88294 | F88: =VLOOKUP($B88,ma!$A:$B,2,0) -> VẠN VẠN LỢI | G88: 3641+36749+36753 | H88: 5/3 | K88: 1.4 | L88: =K88*50000 -> 70000 | O88: 1 | P88: =VLOOKUP($B88,ma!$A:$C,3,0) -> 800000 | Q88: =VLOOKUP($B88,ma!$A:$C,3,0) -> 800000
A89: 15 | B89: xv | C89: F Y | D89: 46085 | E89: =VLOOKUP($C89,xe!$A:$B,2,0) -> 50H-54580 | F89: =VLOOKUP($B89,ma!$A:$B,2,0) -> XUÂN VÂN ( K BX ) | G89: 36906 | H89: 7/3 | K89: 2 | L89: 50000 | M89: 30000 | N89: cơm | O89: 1 | P89: =VLOOKUP($B89,ma!$A:$C,3,0) -> 800000 | Q89: =VLOOKUP($B89,ma!$A:$C,3,0) -> 800000
A90: 16 | B90: xv | C90: C SƠN | D90: 46085 | E90: =VLOOKUP($C90,xe!$A:$B,2,0) -> 50H-74619 | F90: =VLOOKUP($B90,ma!$A:$B,2,0) -> XUÂN VÂN ( K BX ) | G90: 36908 | H90: 7/3 | K90: 1.6 | L90: 50000 | O90: 1 | P90: =VLOOKUP($B90,ma!$A:$C,3,0) -> 800000 | Q90: =VLOOKUP($B90,ma!$A:$C,3,0) -> 800000
A91: 17 | B91: xv | C91: n thuận | D91: 46085 | E91: =VLOOKUP($C91,xe!$A:$B,2,0) -> 50H-66445 | F91: =VLOOKUP($B91,ma!$A:$B,2,0) -> XUÂN VÂN ( K BX ) | G91: 36934 | H91: 7/3 | K91: 1.6 | L91: 50000 | O91: 1 | P91: =VLOOKUP($B91,ma!$A:$C,3,0) -> 800000 | Q91: =VLOOKUP($B91,ma!$A:$C,3,0) -> 800000
A92: 18 | B92: clmbc | C92: Q HẢI | D92: 46085 | E92: =VLOOKUP($C92,xe!$A:$B,2,0) -> 50H-64316 | F92: =VLOOKUP($B92,ma!$A:$B,2,0) -> CHOLIMEX BINH CHÁNH ( KBX ) | G92: 37042+37043 | H92: 5/3 | K92: 2 | L92: 50000 | M92: 20000 | N92: bx | O92: 1 | P92: =VLOOKUP($B92,ma!$A:$C,3,0) -> 800000 | Q92: =VLOOKUP($B92,ma!$A:$C,3,0) -> 800000
A93: 19 | B93: clmbc | C93: x4 | D93: 46085 | E93: =VLOOKUP($C93,xe!$A:$B,2,0) -> 62H-01887 | F93: =VLOOKUP($B93,ma!$A:$B,2,0) -> CHOLIMEX BINH CHÁNH ( KBX ) | G93: 37044 | H93: 5/3 | K93: 1.2 | O93: 1 | P93: =VLOOKUP($B93,ma!$A:$C,3,0) -> 800000 | Q93: =VLOOKUP($B93,ma!$A:$C,3,0) -> 800000
A94: 20 | B94: clmbc | C94: a lợi | D94: 46085 | E94: =VLOOKUP($C94,xe!$A:$B,2,0) -> 50H 87442 | F94: =VLOOKUP($B94,ma!$A:$B,2,0) -> CHOLIMEX BINH CHÁNH ( KBX ) | G94: 37047 | H94: 5/3 | K94: 2 | L94: 50000 | M94: 50000 | N94: bx+cơm | O94: 1 | P94: =VLOOKUP($B94,ma!$A:$C,3,0) -> 800000 | Q94: =VLOOKUP($B94,ma!$A:$C,3,0) -> 800000
A95: 21 | B95: lg | C95: G NHANH | D95: 46085 | E95: =VLOOKUP($C95,xe!$A:$B,2,0) -> 51H -88294 | F95: =VLOOKUP($B95,ma!$A:$B,2,0) -> LÊ GIA THỦ ĐỨC | G95: 37064+37063 | H95: 7/3 | K95: 1.2 | L95: =K95*50000 -> 60000 | O95: 1 | P95: =VLOOKUP($B95,ma!$A:$C,3,0) -> 800000 | Q95: =VLOOKUP($B95,ma!$A:$C,3,0) -> 800000
A96: 22 | B96: BVL | C96: Z | D96: 46085 | E96: =VLOOKUP($C96,xe!$A:$B,2,0) -> 50H-44024 | F96: =VLOOKUP($B96,ma!$A:$B,2,0) -> BHX ( VL) | G96: 3855 | H96: 6/3 | J96: GẠO UNI | K96: 2 | L96: =K96*80000 -> 160000 | O96: 1 | P96: =VLOOKUP($B96,ma!$A:$C,3,0) -> 800000 | Q96: =VLOOKUP($B96,ma!$A:$C,3,0) -> 800000
A97: 23 | B97: BNB | C97: C SƠN | D97: 46085 | E97: =VLOOKUP($C97,xe!$A:$B,2,0) -> 50H-74619 | F97: =VLOOKUP($B97,ma!$A:$B,2,0) -> BHX NHÀ BÈ | G97: 3870+3871 | H97: 7/3 | J97: GẠO UNI | K97: 1.6 | L97: 170000 | O97: 1 | P97: =VLOOKUP($B97,ma!$A:$C,3,0) -> 400000 | Q97: =VLOOKUP($B97,ma!$A:$C,3,0) -> 400000
A98: 24 | B98: VFS | C98: D PHÚ | D98: 46085 | E98: =VLOOKUP($C98,xe!$A:$B,2,0) -> 50H-50999 | F98: =VLOOKUP($B98,ma!$A:$B,2,0) -> VFS | G98: 37059 | H98: 5/3 | K98: 1.4 | L98: =K98*50000 -> 70000 | O98: 1 | P98: =VLOOKUP($B98,ma!$A:$C,3,0) -> 800000 | Q98: =VLOOKUP($B98,ma!$A:$C,3,0) -> 800000
A99: 25 | B99: VFS | C99: f y | D99: 46085 | E99: =VLOOKUP($C99,xe!$A:$B,2,0) -> 50H-54580 | F99: =VLOOKUP($B99,ma!$A:$B,2,0) -> VFS | G99: 37144 | H99: 5/3 | K99: 1.4 | L99: =K99*50000 -> 70000 | O99: 1 | P99: =VLOOKUP($B99,ma!$A:$C,3,0) -> 800000 | Q99: =VLOOKUP($B99,ma!$A:$C,3,0) -> 800000
A100: 26 | B100: VHLH | C100: r thi | D100: 46085 | E100: =VLOOKUP($C100,xe!$A:$B,2,0) -> 50H-55161 | F100: =VLOOKUP($B100,ma!$A:$B,2,0) -> VĂN HẬU LONG HƯNG ( KBX ) | G100: R | H100: R | K100: 2.2 | L100: 50000 | M100: 30000 | N100: cơm | O100: 1 | P100: =VLOOKUP($B100,ma!$A:$C,3,0) -> 800000 | Q100: =VLOOKUP($B100,ma!$A:$C,3,0) -> 800000
...

Sheet XE LỚN
D1: KÊ CHI TIẾT XE LỚN
D2: 46054
D3: Tên : | G3: SỐ XE :
F4: #N/A | K4: 2 | L4: 2 | N4: #N/A
A5: STT | B5: Mã | C5: Tên TX | D5: Ngày | E5: Số Xe | F5: Nơi giao | G5: Đổ Dầu | H5: SỐ KM | I5: C.Phí lấy hàng | J5: ghi chú | K5: C.phí tài xế | L5: ghi chú | M5: TÀI | N5: Đơn giá | O5: Thành tiền | P5: LƯƠNG LX
A6: 1 | B6: MIFA | C6: L1 THÀNH | D6: 46083 | E6: =VLOOKUP($C6,xe!$A:$B,2,0) -> 50E-648.73 | F6: =VLOOKUP($B6,ma!$A:$B,2,0) -> MIFA TÂN TẠO | I6: 200000 | K6: 20000 | L6: nvl | M6: 13.54 | N6: =VLOOKUP($B6,ma!$A:$C,3,0) -> 200000 | O6: =M6*N6 -> 2708000 | P6: =O6*10% -> 270800
A7: =A6+1 -> 2 | B7: GHTGP | C7: L2 HOÀI | D7: 46083 | E7: =VLOOKUP($C7,xe!$A:$B,2,0) -> 50H-66347 | F7: =VLOOKUP($B7,ma!$A:$B,2,0) -> GIA HOÀNG TIỀN GIANG PALLET | I7: 200000 | J7: bx | K7: 150000 | L7: bao gạo | M7: 18.5 | N7: =VLOOKUP($B7,ma!$A:$C,3,0) -> 230000 | O7: =M7*N7 -> 4255000 | P7: =O7*10% -> 425500
A8: =A7+1 -> 3 | B8: NDNA | C8: L2 HOÀI | D8: 46083 | E8: =VLOOKUP($C8,xe!$A:$B,2,0) -> 50H-66347 | F8: =VLOOKUP($B8,ma!$A:$B,2,0) -> NDFC - NAIC BẾN LỨC | I8: 100000 | J8: bx | M8: 1 | N8: =VLOOKUP($B8,ma!$A:$C,3,0) -> 2400000 | O8: =M8*N8 -> 2400000 | P8: =O8*10% -> 240000
A9: =A8+1 -> 4 | B9: TLP | C9: L3 MẾN | D9: 46083 | E9: =VLOOKUP($C9,xe!$A:$B,2,0) -> 50E-654.34 | F9: =VLOOKUP($B9,ma!$A:$B,2,0) -> TUẤN LỘC Q7 PALLET | I9: 100000 | J9: bx | M9: 13.5 | N9: =VLOOKUP($B9,ma!$A:$C,3,0) -> 200000 | O9: =M9*N9 -> 2700000 | P9: =O9*10% -> 270000
A10: =A9+1 -> 5 | B10: NDNA | C10: L3 MẾN | D10: 46083 | E10: =VLOOKUP($C10,xe!$A:$B,2,0) -> 50E-654.34 | F10: =VLOOKUP($B10,ma!$A:$B,2,0) -> NDFC - NAIC BẾN LỨC | I10: 100000 | J10: bx | M10: 1 | N10: =VLOOKUP($B10,ma!$A:$C,3,0) -> 2400000 | O10: =M10*N10 -> 2400000 | P10: =O10*10% -> 240000
A11: =A10+1 -> 6 | B11: TLP | C11: L4 HOÀ | D11: 46083 | E11: =VLOOKUP($C11,xe!$A:$B,2,0) -> 50E-324,01 | F11: =VLOOKUP($B11,ma!$A:$B,2,0) -> TUẤN LỘC Q7 PALLET | I11: 100000 | M11: 12.17 | N11: =VLOOKUP($B11,ma!$A:$C,3,0) -> 200000 | O11: =M11*N11 -> 2434000 | P11: =O11*10% -> 243400
A12: =A11+1 -> 7 | B12: TLX | C12: L4 HOÀ | D12: 46083 | E12: =VLOOKUP($C12,xe!$A:$B,2,0) -> 50E-324,01 | F12: =VLOOKUP($B12,ma!$A:$B,2,0) -> TUẤN LỘC Q7 XÁ | I12: 100000 | M12: 14.69 | N12: =VLOOKUP($B12,ma!$A:$C,3,0) -> 200000 | O12: =M12*N12 -> 2938000 | P12: =O12*10% -> 293800
A13: =A12+1 -> 8 | B13: NDNA | C13: L5 QUẠY | D13: 46083 | E13: =VLOOKUP($C13,xe!$A:$B,2,0) -> 50H-87055 | F13: =VLOOKUP($B13,ma!$A:$B,2,0) -> NDFC - NAIC BẾN LỨC | I13: 100000 | J13: bx | M13: 1 | N13: =VLOOKUP($B13,ma!$A:$C,3,0) -> 2400000 | O13: =M13*N13 -> 2400000 | P13: =O13*10% -> 240000
A14: =A13+1 -> 9 | B14: Q6P | C14: L5 QUẠY | D14: 46083 | E14: =VLOOKUP($C14,xe!$A:$B,2,0) -> 50H-87055 | F14: =VLOOKUP($B14,ma!$A:$B,2,0) -> PHẠM ANH QUẬN 6 PALLET | I14: 100000 | J14: bx | M14: 13.91 | N14: =VLOOKUP($B14,ma!$A:$C,3,0) -> 200000 | O14: =M14*N14 -> 2782000 | P14: =O14*10% -> 278200
A15: =A14+1 -> 10 | B15: ndna | C15: L1 THÀNH | D15: 46084 | E15: =VLOOKUP($C15,xe!$A:$B,2,0) -> 50E-648.73 | F15: =VLOOKUP($B15,ma!$A:$B,2,0) -> NDFC - NAIC BẾN LỨC | I15: 100000 | M15: 1 | N15: =VLOOKUP($B15,ma!$A:$C,3,0) -> 2400000 | O15: =M15*N15 -> 2400000 | P15: =O15*10% -> 240000
A16: 11 | B16: ndna | C16: L1 THÀNH | D16: 46084 | E16: =VLOOKUP($C16,xe!$A:$B,2,0) -> 50E-648.73 | F16: =VLOOKUP($B16,ma!$A:$B,2,0) -> NDFC - NAIC BẾN LỨC | I16: 100000 | M16: 1 | N16: =VLOOKUP($B16,ma!$A:$C,3,0) -> 2400000 | O16: =M16*N16 -> 2400000 | P16: =O16*10% -> 240000
A17: 12 | B17: ndna | C17: L1 THÀNH | D17: 46084 | E17: =VLOOKUP($C17,xe!$A:$B,2,0) -> 50E-648.73 | F17: =VLOOKUP($B17,ma!$A:$B,2,0) -> NDFC - NAIC BẾN LỨC | I17: 100000 | M17: 1 | N17: =VLOOKUP($B17,ma!$A:$C,3,0) -> 2400000 | O17: =M17*N17 -> 2400000 | P17: =O17*10% -> 240000
A18: 13 | B18: q8p | C18: L2 HOÀI | D18: 46084 | E18: =VLOOKUP($C18,xe!$A:$B,2,0) -> 50H-66347 | F18: =VLOOKUP($B18,ma!$A:$B,2,0) -> QUẬN 8 PALLET | I18: 100000 | J18: bx | M18: 14 | N18: =VLOOKUP($B18,ma!$A:$C,3,0) -> 200000 | O18: =M18*N18 -> 2800000 | P18: =O18*10% -> 280000
A19: 14 | B19: ghtgp | C19: L2 HOÀI | D19: 46084 | E19: =VLOOKUP($C19,xe!$A:$B,2,0) -> 50H-66347 | F19: =VLOOKUP($B19,ma!$A:$B,2,0) -> GIA HOÀNG TIỀN GIANG PALLET | I19: 100000 | J19: bx | M19: 14.58 | N19: =VLOOKUP($B19,ma!$A:$C,3,0) -> 230000 | O19: =M19*N19 -> 3353400 | P19: =O19*10% -> 335340
A20: 15 | B20: ndna | C20: L3 MẾN | D20: 46084 | E20: =VLOOKUP($C20,xe!$A:$B,2,0) -> 50E-654.34 | F20: =VLOOKUP($B20,ma!$A:$B,2,0) -> NDFC - NAIC BẾN LỨC | I20: 100000 | J20: bx | M20: 1 | N20: =VLOOKUP($B20,ma!$A:$C,3,0) -> 2400000 | O20: =M20*N20 -> 2400000 | P20: =O20*10% -> 240000
A21: 16 | B21: ndna | C21: L3 MẾN | D21: 46084 | E21: =VLOOKUP($C21,xe!$A:$B,2,0) -> 50E-654.34 | F21: =VLOOKUP($B21,ma!$A:$B,2,0) -> NDFC - NAIC BẾN LỨC | I21: 100000 | J21: bx | K21: 200000 | L21: cơm | M21: 1 | N21: =VLOOKUP($B21,ma!$A:$C,3,0) -> 2400000 | O21: =M21*N21 -> 2400000 | P21: =O21*10% -> 240000
A22: 17 | B22: tlp | C22: L4 HOÀ | D22: 46084 | E22: =VLOOKUP($C22,xe!$A:$B,2,0) -> 50E-324,01 | F22: =VLOOKUP($B22,ma!$A:$B,2,0) -> TUẤN LỘC Q7 PALLET | I22: 50000 | M22: 13.05 | N22: =VLOOKUP($B22,ma!$A:$C,3,0) -> 200000 | O22: =M22*N22 -> 2610000 | P22: =O22*10% -> 261000
A23: 18 | B23: tlp | C23: L4 HOÀ | D23: 46084 | E23: =VLOOKUP($C23,xe!$A:$B,2,0) -> 50E-324,01 | F23: =VLOOKUP($B23,ma!$A:$B,2,0) -> TUẤN LỘC Q7 PALLET | I23: 100000 | M23: 12 | N23: =VLOOKUP($B23,ma!$A:$C,3,0) -> 200000 | O23: =M23*N23 -> 2400000 | P23: =O23*10% -> 240000
A24: 19 | B24: ndna | C24: L5 QUẠY | D24: 46084 | E24: =VLOOKUP($C24,xe!$A:$B,2,0) -> 50H-87055 | F24: =VLOOKUP($B24,ma!$A:$B,2,0) -> NDFC - NAIC BẾN LỨC | I24: 100000 | J24: bx | M24: 1 | N24: =VLOOKUP($B24,ma!$A:$C,3,0) -> 2400000 | O24: =M24*N24 -> 2400000 | P24: =O24*10% -> 240000
A25: 20 | B25: ndna | C25: L5 QUẠY | D25: 46084 | E25: =VLOOKUP($C25,xe!$A:$B,2,0) -> 50H-87055 | F25: =VLOOKUP($B25,ma!$A:$B,2,0) -> NDFC - NAIC BẾN LỨC | I25: 100000 | J25: bx | K25: 200000 | L25: cơm | M25: 1 | N25: =VLOOKUP($B25,ma!$A:$C,3,0) -> 2400000 | O25: =M25*N25 -> 2400000 | P25: =O25*10% -> 240000
A26: 21 | B26: Q8X | C26: L1 THÀNH | D26: 46085 | E26: =VLOOKUP($C26,xe!$A:$B,2,0) -> 50E-648.73 | F26: =VLOOKUP($B26,ma!$A:$B,2,0) -> QUẬN 8 XÁ | I26: 250000 | M26: 14.2 | N26: =VLOOKUP($B26,ma!$A:$C,3,0) -> 200000 | O26: =M26*N26 -> 2840000 | P26: =O26*10% -> 284000
A27: 22 | B27: GHTGP | C27: L2 HOÀI | D27: 46085 | E27: =VLOOKUP($C27,xe!$A:$B,2,0) -> 50H-66347 | F27: =VLOOKUP($B27,ma!$A:$B,2,0) -> GIA HOÀNG TIỀN GIANG PALLET | I27: 100000 | J27: bx | M27: 13.75 | N27: =VLOOKUP($B27,ma!$A:$C,3,0) -> 230000 | O27: =M27*N27 -> 3162500 | P27: =O27*10% -> 316250
A28: 23 | B28: NAUN | C28: L2 HOÀI | D28: 46085 | E28: =VLOOKUP($C28,xe!$A:$B,2,0) -> 50H-66347 | F28: =VLOOKUP($B28,ma!$A:$B,2,0) -> NAIC -UNI | I28: 100000 | J28: bx | M28: 1 | N28: =VLOOKUP($B28,ma!$A:$C,3,0) -> 2400000 | O28: =M28*N28 -> 2400000 | P28: =O28*10% -> 240000
A29: 24 | B29: Q8X | C29: L3 MẾN | D29: 46085 | E29: =VLOOKUP($C29,xe!$A:$B,2,0) -> 50E-654.34 | F29: =VLOOKUP($B29,ma!$A:$B,2,0) -> QUẬN 8 XÁ | I29: 200000 | J29: bx | K29: 200000 | L29: châm ure | M29: 12 | N29: =VLOOKUP($B29,ma!$A:$C,3,0) -> 200000 | O29: =M29*N29 -> 2400000 | P29: =O29*10% -> 240000
A30: 25 | B30: NAUN | C30: L3 MẾN | D30: 46085 | E30: =VLOOKUP($C30,xe!$A:$B,2,0) -> 50E-654.34 | F30: =VLOOKUP($B30,ma!$A:$B,2,0) -> NAIC -UNI | I30: 100000 | J30: bx | M30: 1 | N30: =VLOOKUP($B30,ma!$A:$C,3,0) -> 2400000 | O30: =M30*N30 -> 2400000 | P30: =O30*10% -> 240000
A31: 26 | B31: TLP | C31: L4 HOÀ | D31: 46085 | E31: =VLOOKUP($C31,xe!$A:$B,2,0) -> 50E-324,01 | F31: =VLOOKUP($B31,ma!$A:$B,2,0) -> TUẤN LỘC Q7 PALLET | I31: 50000 | M31: 12.46 | N31: =VLOOKUP($B31,ma!$A:$C,3,0) -> 200000 | O31: =M31*N31 -> 2492000 | P31: =O31*10% -> 249200
A32: 27 | B32: TLP | C32: L4 HOÀ | D32: 46085 | E32: =VLOOKUP($C32,xe!$A:$B,2,0) -> 50E-324,01 | F32: =VLOOKUP($B32,ma!$A:$B,2,0) -> TUẤN LỘC Q7 PALLET | I32: 100000 | M32: 12 | N32: =VLOOKUP($B32,ma!$A:$C,3,0) -> 200000 | O32: =M32*N32 -> 2400000 | P32: =O32*10% -> 240000
A33: 28 | B33: TTHOA | C33: L4 HOÀ | D33: 46085 | E33: =VLOOKUP($C33,xe!$A:$B,2,0) -> 50E-324,01 | F33: =VLOOKUP($B33,ma!$A:$B,2,0) -> THẮNG THOA PHƯƠNG LÂM | I33: 100000 | M33: 12 | N33: =VLOOKUP($B33,ma!$A:$C,3,0) -> 300000 | O33: =M33*N33 -> 3600000 | P33: =O33*10% -> 360000
A34: 29 | B34: TLP | C34: L5 QUẠY | D34: 46085 | E34: =VLOOKUP($C34,xe!$A:$B,2,0) -> 50H-87055 | F34: =VLOOKUP($B34,ma!$A:$B,2,0) -> TUẤN LỘC Q7 PALLET | I34: 100000 | J34: bx | K34: 50000 | L34: trả pl | M34: 12 | N34: =VLOOKUP($B34,ma!$A:$C,3,0) -> 200000 | O34: =M34*N34 -> 2400000 | P34: =O34*10% -> 240000
A35: 30 | B35: NAUN | C35: L5 QUẠY | D35: 46085 | E35: =VLOOKUP($C35,xe!$A:$B,2,0) -> 50H-87055 | F35: =VLOOKUP($B35,ma!$A:$B,2,0) -> NAIC -UNI | I35: 100000 | J35: bx | M35: 1 | N35: =VLOOKUP($B35,ma!$A:$C,3,0) -> 2400000 | O35: =M35*N35 -> 2400000 | P35: =O35*10% -> 240000
A36: 31 | B36: naun | C36: L1 THÀNH | D36: 46086 | E36: =VLOOKUP($C36,xe!$A:$B,2,0) -> 50E-648.73 | F36: =VLOOKUP($B36,ma!$A:$B,2,0) -> NAIC -UNI | I36: 100000 | M36: 1 | N36: =VLOOKUP($B36,ma!$A:$C,3,0) -> 2400000 | O36: =M36*N36 -> 2400000 | P36: =O36*10% -> 240000
A37: 32 | B37: naun | C37: L1 THÀNH | D37: 46086 | E37: =VLOOKUP($C37,xe!$A:$B,2,0) -> 50E-648.73 | F37: =VLOOKUP($B37,ma!$A:$B,2,0) -> NAIC -UNI | I37: 100000 | M37: 1 | N37: =VLOOKUP($B37,ma!$A:$C,3,0) -> 2400000 | O37: =M37*N37 -> 2400000 | P37: =O37*10% -> 240000
A38: 33 | B38: tlp | C38: L2 HOÀI | D38: 46086 | E38: =VLOOKUP($C38,xe!$A:$B,2,0) -> 50H-66347 | F38: =VLOOKUP($B38,ma!$A:$B,2,0) -> TUẤN LỘC Q7 PALLET | I38: 50000 | J38: bx | K38: 100000 | L38: keo dán bạc | M38: 12.46 | N38: =VLOOKUP($B38,ma!$A:$C,3,0) -> 200000 | O38: =M38*N38 -> 2492000 | P38: =O38*10% -> 249200
A39: 34 | B39: tlp | C39: L2 HOÀI | D39: 46086 | E39: =VLOOKUP($C39,xe!$A:$B,2,0) -> 50H-66347 | F39: =VLOOKUP($B39,ma!$A:$B,2,0) -> TUẤN LỘC Q7 PALLET | I39: 100000 | J39: bx | M39: 14.1 | N39: =VLOOKUP($B39,ma!$A:$C,3,0) -> 200000 | O39: =M39*N39 -> 2820000 | P39: =O39*10% -> 282000
A40: 35 | B40: lkx | C40: L3 MẾN | D40: 46086 | E40: =VLOOKUP($C40,xe!$A:$B,2,0) -> 50E-654.34 | F40: =VLOOKUP($B40,ma!$A:$B,2,0) -> LONG KHÁNH XÁ | I40: 200000 | J40: bx | M40: 15.35 | N40: =VLOOKUP($B40,ma!$A:$C,3,0) -> 244000 | O40: =M40*N40 -> 3745400 | P40: =O40*10% -> 374540
A41: 36 | B41: naun | C41: L4 HOÀ | D41: 46086 | E41: =VLOOKUP($C41,xe!$A:$B,2,0) -> 50E-324,01 | F41: =VLOOKUP($B41,ma!$A:$B,2,0) -> NAIC -UNI | I41: 100000 | M41: 1 | N41: =VLOOKUP($B41,ma!$A:$C,3,0) -> 2400000 | O41: =M41*N41 -> 2400000 | P41: =O41*10% -> 240000
A42: 37 | B42: q8x | C42: L5 QUẠY | D42: 46086 | E42: =VLOOKUP($C42,xe!$A:$B,2,0) -> 50H-87055 | F42: =VLOOKUP($B42,ma!$A:$B,2,0) -> QUẬN 8 XÁ | I42: 250000 | J42: bx | M42: 15.54 | N42: =VLOOKUP($B42,ma!$A:$C,3,0) -> 200000 | O42: =M42*N42 -> 3108000 | P42: =O42*10% -> 310800
A43: 38 | B43: q6p | C43: L1 THÀNH | D43: 46087 | E43: =VLOOKUP($C43,xe!$A:$B,2,0) -> 50E-648.73 | F43: =VLOOKUP($B43,ma!$A:$B,2,0) -> PHẠM ANH QUẬN 6 PALLET | I43: 130000 | M43: 12.89 | N43: =VLOOKUP($B43,ma!$A:$C,3,0) -> 200000 | O43: =M43*N43 -> 2578000 | P43: =O43*10% -> 257800
A44: 39 | B44: mifa | C44: L1 THÀNH | D44: 46087 | E44: =VLOOKUP($C44,xe!$A:$B,2,0) -> 50E-648.73 | F44: =VLOOKUP($B44,ma!$A:$B,2,0) -> MIFA TÂN TẠO | I44: 200000 | M44: 10.11 | N44: =VLOOKUP($B44,ma!$A:$C,3,0) -> 200000 | O44: =M44*N44 -> 2022000 | P44: =O44*10% -> 202200
A45: 40 | B45: q6p | C45: L2 HOÀI | D45: 46087 | E45: =VLOOKUP($C45,xe!$A:$B,2,0) -> 50H-66347 | F45: =VLOOKUP($B45,ma!$A:$B,2,0) -> PHẠM ANH QUẬN 6 PALLET | I45: 250000 | J45: bx | M45: 12.72 | N45: =VLOOKUP($B45,ma!$A:$C,3,0) -> 200000 | O45: =M45*N45 -> 2544000 | P45: =O45*10% -> 254400
A46: 41 | B46: q8x | C46: L2 HOÀI | D46: 46087 | E46: =VLOOKUP($C46,xe!$A:$B,2,0) -> 50H-66347 | F46: =VLOOKUP($B46,ma!$A:$B,2,0) -> QUẬN 8 XÁ | I46: 250000 | J46: bx | M46: 15.1 | N46: =VLOOKUP($B46,ma!$A:$C,3,0) -> 200000 | O46: =M46*N46 -> 3020000 | P46: =O46*10% -> 302000
A47: 42 | B47: ndna | C47: L3 MẾN | D47: 46087 | E47: =VLOOKUP($C47,xe!$A:$B,2,0) -> 50E-654.34 | F47: =VLOOKUP($B47,ma!$A:$B,2,0) -> NDFC - NAIC BẾN LỨC | I47: 100000 | J47: bx | M47: 1 | N47: =VLOOKUP($B47,ma!$A:$C,3,0) -> 2400000 | O47: =M47*N47 -> 2400000 | P47: =O47*10% -> 240000
A48: 43 | B48: naun | C48: L3 MẾN | D48: 46087 | E48: =VLOOKUP($C48,xe!$A:$B,2,0) -> 50E-654.34 | F48: =VLOOKUP($B48,ma!$A:$B,2,0) -> NAIC -UNI | I48: 100000 | J48: bx | M48: 1 | N48: =VLOOKUP($B48,ma!$A:$C,3,0) -> 2400000 | O48: =M48*N48 -> 2400000 | P48: =O48*10% -> 240000
A49: 44 | B49: ug | C49: L3 MẾN | D49: 46087 | E49: =VLOOKUP($C49,xe!$A:$B,2,0) -> 50E-654.34 | F49: =VLOOKUP($B49,ma!$A:$B,2,0) -> ÚT GIAO LONG AN | I49: 250000 | J49: bx | M49: 14.49 | N49: =VLOOKUP($B49,ma!$A:$C,3,0) -> 212000 | O49: =M49*N49 -> 3071880 | P49: =O49*10% -> 307188
A50: 45 | B50: tlp | C50: L4 HOÀ | D50: 46087 | E50: =VLOOKUP($C50,xe!$A:$B,2,0) -> 50E-324,01 | F50: =VLOOKUP($B50,ma!$A:$B,2,0) -> TUẤN LỘC Q7 PALLET | I50: 50000 | M50: 13.21 | N50: =VLOOKUP($B50,ma!$A:$C,3,0) -> 200000 | O50: =M50*N50 -> 2642000 | P50: =O50*10% -> 264200
A51: 46 | B51: q8x | C51: L4 HOÀ | D51: 46087 | E51: =VLOOKUP($C51,xe!$A:$B,2,0) -> 50E-324,01 | F51: =VLOOKUP($B51,ma!$A:$B,2,0) -> QUẬN 8 XÁ | I51: 200000 | M51: 15.07 | N51: =VLOOKUP($B51,ma!$A:$C,3,0) -> 200000 | O51: =M51*N51 -> 3014000 | P51: =O51*10% -> 301400
A52: 47 | B52: ndna | C52: L5 QUẠY | D52: 46087 | E52: =VLOOKUP($C52,xe!$A:$B,2,0) -> 50H-87055 | F52: =VLOOKUP($B52,ma!$A:$B,2,0) -> NDFC - NAIC BẾN LỨC | I52: 100000 | J52: bx | M52: 1 | N52: =VLOOKUP($B52,ma!$A:$C,3,0) -> 2400000 | O52: =M52*N52 -> 2400000 | P52: =O52*10% -> 240000
A53: 48 | B53: ndna | C53: L5 QUẠY | D53: 46087 | E53: =VLOOKUP($C53,xe!$A:$B,2,0) -> 50H-87055 | F53: =VLOOKUP($B53,ma!$A:$B,2,0) -> NDFC - NAIC BẾN LỨC | I53: 100000 | J53: bx | M53: 1 | N53: =VLOOKUP($B53,ma!$A:$C,3,0) -> 2400000 | O53: =M53*N53 -> 2400000 | P53: =O53*10% -> 240000
A54: 49 | B54: naun | C54: L5 QUẠY | D54: 46087 | E54: =VLOOKUP($C54,xe!$A:$B,2,0) -> 50H-87055 | F54: =VLOOKUP($B54,ma!$A:$B,2,0) -> NAIC -UNI | I54: 100000 | J54: bx | M54: 1 | N54: =VLOOKUP($B54,ma!$A:$C,3,0) -> 2400000 | O54: =M54*N54 -> 2400000 | P54: =O54*10% -> 240000
A55: 50 | B55: ndna | C55: L1 THÀNH | D55: 46088 | E55: =VLOOKUP($C55,xe!$A:$B,2,0) -> 50E-648.73 | F55: =VLOOKUP($B55,ma!$A:$B,2,0) -> NDFC - NAIC BẾN LỨC | I55: 100000 | M55: 1 | N55: =VLOOKUP($B55,ma!$A:$C,3,0) -> 2400000 | O55: =M55*N55 -> 2400000 | P55: =O55*10% -> 240000
A56: 51 | B56: ndna | C56: L2 HOÀI | D56: 46088 | E56: =VLOOKUP($C56,xe!$A:$B,2,0) -> 50H-66347 | F56: =VLOOKUP($B56,ma!$A:$B,2,0) -> NDFC - NAIC BẾN LỨC | I56: 100000 | J56: bx | M56: 1 | N56: =VLOOKUP($B56,ma!$A:$C,3,0) -> 2400000 | O56: =M56*N56 -> 2400000 | P56: =O56*10% -> 240000
A57: 52 | B57: naun | C57: L2 HOÀI | D57: 46088 | E57: =VLOOKUP($C57,xe!$A:$B,2,0) -> 50H-66347 | F57: =VLOOKUP($B57,ma!$A:$B,2,0) -> NAIC -UNI | I57: 100000 | J57: bx | M57: 1 | N57: =VLOOKUP($B57,ma!$A:$C,3,0) -> 2400000 | O57: =M57*N57 -> 2400000 | P57: =O57*10% -> 240000
A58: 52 | B58: vna | C58: L2 HOÀI | D58: 46088 | E58: =VLOOKUP($C58,xe!$A:$B,2,0) -> 50H-66347 | F58: =VLOOKUP($B58,ma!$A:$B,2,0) -> VINH NAM ANH | K58: 350000 | L58: giao đêm | M58: 15.63 | N58: =VLOOKUP($B58,ma!$A:$C,3,0) -> 200000 | O58: =M58*N58 -> 3126000 | P58: =O58*10% -> 312600
A59: 53 | B59: q6x | C59: L3 MẾN | D59: 46088 | E59: =VLOOKUP($C59,xe!$A:$B,2,0) -> 50E-654.34 | F59: =VLOOKUP($B59,ma!$A:$B,2,0) -> PHẠM ANH QUẬN 6 XÁ | I59: 200000 | J59: bx | K59: 20000 | L59: cầu đường | M59: 14.62 | N59: =VLOOKUP($B59,ma!$A:$C,3,0) -> 200000 | O59: =M59*N59 -> 2924000 | P59: =O59*10% -> 292400
A60: 54 | B60: tlp | C60: L4 HOÀ | D60: 46088 | E60: =VLOOKUP($C60,xe!$A:$B,2,0) -> 50E-324,01 | F60: =VLOOKUP($B60,ma!$A:$B,2,0) -> TUẤN LỘC Q7 PALLET | I60: 150000 | M60: 12.71 | N60: =VLOOKUP($B60,ma!$A:$C,3,0) -> 200000 | O60: =M60*N60 -> 2542000 | P60: =O60*10% -> 254200
A61: 55 | B61: q8x | C61: L4 HOÀ | D61: 46088 | E61: =VLOOKUP($C61,xe!$A:$B,2,0) -> 50E-324,01 | F61: =VLOOKUP($B61,ma!$A:$B,2,0) -> QUẬN 8 XÁ | I61: 200000 | M61: 15.45 | N61: =VLOOKUP($B61,ma!$A:$C,3,0) -> 200000 | O61: =M61*N61 -> 3090000 | P61: =O61*10% -> 309000
A62: 56 | B62: ne10 | C62: L5 QUẠY | D62: 46088 | E62: =VLOOKUP($C62,xe!$A:$B,2,0) -> 50H-87055 | F62: =VLOOKUP($B62,ma!$A:$B,2,0) -> NESTLE >10 | I62: 250000 | J62: bx | M62: 10 | N62: =VLOOKUP($B62,ma!$A:$C,3,0) -> 363000 | O62: =M62*N62 -> 3630000 | P62: =O62*10% -> 363000
A63: 57 | B63: tlp | C63: l1 THÀNH | D63: 46090 | E63: =VLOOKUP($C63,xe!$A:$B,2,0) -> 50E-648.73 | F63: =VLOOKUP($B63,ma!$A:$B,2,0) -> TUẤN LỘC Q7 PALLET | I63: 80000 | M63: 13.4 | N63: =VLOOKUP($B63,ma!$A:$C,3,0) -> 200000 | O63: =M63*N63 -> 2680000 | P63: =O63*10% -> 268000
A64: 58 | B64: tlp | C64: l1 THÀNH | D64: 46090 | E64: =VLOOKUP($C64,xe!$A:$B,2,0) -> 50E-648.73 | F64: =VLOOKUP($B64,ma!$A:$B,2,0) -> TUẤN LỘC Q7 PALLET | I64: 150000 | M64: 11.34 | N64: =VLOOKUP($B64,ma!$A:$C,3,0) -> 200000 | O64: =M64*N64 -> 2268000 | P64: =O64*10% -> 226800
A65: 59 | B65: ghtgx | C65: L2 HOÀI | D65: 46090 | E65: =VLOOKUP($C65,xe!$A:$B,2,0) -> 50H-66347 | F65: =VLOOKUP($B65,ma!$A:$B,2,0) -> GIA HOÀNG TIỀN GIANG XÁ | I65: 250000 | J65: bx | K65: 35000 | L65: chai dầu | M65: 18.51 | N65: =VLOOKUP($B65,ma!$A:$C,3,0) -> 230000 | O65: =M65*N65 -> 4257300 | P65: =O65*10% -> 425730
A66: 60 | B66: naun | C66: L2 HOÀI | D66: 46090 | E66: =VLOOKUP($C66,xe!$A:$B,2,0) -> 50H-66347 | F66: =VLOOKUP($B66,ma!$A:$B,2,0) -> NAIC -UNI | I66: 100000 | J66: bx | M66: 1 | N66: =VLOOKUP($B66,ma!$A:$C,3,0) -> 2400000 | O66: =M66*N66 -> 2400000 | P66: =O66*10% -> 240000
A67: 61 | B67: q6p | C67: L3 MẾN | D67: 46090 | E67: =VLOOKUP($C67,xe!$A:$B,2,0) -> 50E-654.34 | F67: =VLOOKUP($B67,ma!$A:$B,2,0) -> PHẠM ANH QUẬN 6 PALLET | I67: 100000 | J67: bx | K67: 20000 | L67: cầu đường | M67: 11.5 | N67: =VLOOKUP($B67,ma!$A:$C,3,0) -> 200000 | O67: =M67*N67 -> 2300000 | P67: =O67*10% -> 230000
A68: 62 | B68: tlp | C68: L4 HOÀ | D68: 46090 | E68: =VLOOKUP($C68,xe!$A:$B,2,0) -> 50E-324,01 | F68: =VLOOKUP($B68,ma!$A:$B,2,0) -> TUẤN LỘC Q7 PALLET | I68: 100000 | M68: 11.55 | N68: =VLOOKUP($B68,ma!$A:$C,3,0) -> 200000 | O68: =M68*N68 -> 2310000 | P68: =O68*10% -> 231000
A69: 63 | B69: tlp | C69: L4 HOÀ | D69: 46090 | E69: =VLOOKUP($C69,xe!$A:$B,2,0) -> 50E-324,01 | F69: =VLOOKUP($B69,ma!$A:$B,2,0) -> TUẤN LỘC Q7 PALLET | I69: 50000 | M69: 14.12 | N69: =VLOOKUP($B69,ma!$A:$C,3,0) -> 200000 | O69: =M69*N69 -> 2824000 | P69: =O69*10% -> 282400
A70: 64 | B70: q8p | C70: L5 QUẠY | D70: 46090 | E70: =VLOOKUP($C70,xe!$A:$B,2,0) -> 50H-87055 | F70: =VLOOKUP($B70,ma!$A:$B,2,0) -> QUẬN 8 PALLET | I70: 100000 | J70: bx | M70: 11.72 | N70: =VLOOKUP($B70,ma!$A:$C,3,0) -> 200000 | O70: =M70*N70 -> 2344000 | P70: =O70*10% -> 234400
A71: 65 | B71: naun | C71: L5 QUẠY | D71: 46090 | E71: =VLOOKUP($C71,xe!$A:$B,2,0) -> 50H-87055 | F71: =VLOOKUP($B71,ma!$A:$B,2,0) -> NAIC -UNI | I71: 100000 | J71: bx | K71: 20000 | L71: cầu đường | M71: 1 | N71: =VLOOKUP($B71,ma!$A:$C,3,0) -> 2400000 | O71: =M71*N71 -> 2400000 | P71: =O71*10% -> 240000
A72: 65 | B72: ndna | C72: l1 THÀNH | D72: 46091 | E72: =VLOOKUP($C72,xe!$A:$B,2,0) -> 50E-648.73 | F72: =VLOOKUP($B72,ma!$A:$B,2,0) -> NDFC - NAIC BẾN LỨC | I72: 100000 | M72: 1 | N72: =VLOOKUP($B72,ma!$A:$C,3,0) -> 2400000 | O72: =M72*N72 -> 2400000 | P72: =O72*10% -> 240000
A73: 66 | B73: ndna | C73: l1 THÀNH | D73: 46091 | E73: =VLOOKUP($C73,xe!$A:$B,2,0) -> 50E-648.73 | F73: =VLOOKUP($B73,ma!$A:$B,2,0) -> NDFC - NAIC BẾN LỨC | I73: 100000 | K73: 200000 | L73: cơm | M73: 1 | N73: =VLOOKUP($B73,ma!$A:$C,3,0) -> 2400000 | O73: =M73*N73 -> 2400000 | P73: =O73*10% -> 240000
A74: 67 | B74: ndna | C74: L2 HOÀI | D74: 46091 | E74: =VLOOKUP($C74,xe!$A:$B,2,0) -> 50H-66347 | F74: =VLOOKUP($B74,ma!$A:$B,2,0) -> NDFC - NAIC BẾN LỨC | I74: 100000 | J74: bx | M74: 1 | N74: =VLOOKUP($B74,ma!$A:$C,3,0) -> 2400000 | O74: =M74*N74 -> 2400000 | P74: =O74*10% -> 240000
A75: 68 | B75: naun | C75: L2 HOÀI | D75: 46091 | E75: =VLOOKUP($C75,xe!$A:$B,2,0) -> 50H-66347 | F75: =VLOOKUP($B75,ma!$A:$B,2,0) -> NAIC -UNI | I75: 100000 | J75: bx | M75: 1 | N75: =VLOOKUP($B75,ma!$A:$C,3,0) -> 2400000 | O75: =M75*N75 -> 2400000 | P75: =O75*10% -> 240000
A76: 69 | B76: ndna | C76: L3 MẾN | D76: 46091 | E76: =VLOOKUP($C76,xe!$A:$B,2,0) -> 50E-654.34 | F76: =VLOOKUP($B76,ma!$A:$B,2,0) -> NDFC - NAIC BẾN LỨC | I76: 100000 | J76: bx | M76: 1 | N76: =VLOOKUP($B76,ma!$A:$C,3,0) -> 2400000 | O76: =M76*N76 -> 2400000 | P76: =O76*10% -> 240000
A77: 15.71 | B77: HMPHM | C77: L3 MẾN | D77: 46091 | E77: =VLOOKUP($C77,xe!$A:$B,2,0) -> 50E-654.34 | F77: =VLOOKUP($B77,ma!$A:$B,2,0) -> HOÀNG MINH PHÁT HÓC MÔN | I77: 200000 | J77: bx | K77: 20000 | L77: cầu đường | M77: 15.71 | N77: =VLOOKUP($B77,ma!$A:$C,3,0) -> 200000 | O77: =M77*N77 -> 3142000 | P77: =O77*10% -> 314200
A78: 71 | B78: tlp | C78: L4 HOÀ | D78: 46091 | E78: =VLOOKUP($C78,xe!$A:$B,2,0) -> 50E-324,01 | F78: =VLOOKUP($B78,ma!$A:$B,2,0) -> TUẤN LỘC Q7 PALLET | I78: 50000 | M78: 12.49 | N78: =VLOOKUP($B78,ma!$A:$C,3,0) -> 200000 | O78: =M78*N78 -> 2498000 | P78: =O78*10% -> 249800
A79: 72 | B79: q8x | C79: L4 HOÀ | D79: 46091 | E79: =VLOOKUP($C79,xe!$A:$B,2,0) -> 50E-324,01 | F79: =VLOOKUP($B79,ma!$A:$B,2,0) -> QUẬN 8 XÁ | I79: 200000 | M79: 12 | N79: =VLOOKUP($B79,ma!$A:$C,3,0) -> 200000 | O79: =M79*N79 -> 2400000 | P79: =O79*10% -> 240000
A80: 73 | B80: tlp | C80: L5 QUẠY | D80: 46091 | E80: =VLOOKUP($C80,xe!$A:$B,2,0) -> 50H-87055 | F80: =VLOOKUP($B80,ma!$A:$B,2,0) -> TUẤN LỘC Q7 PALLET | I80: 100000 | J80: bx | M80: 12 | N80: =VLOOKUP($B80,ma!$A:$C,3,0) -> 200000 | O80: =M80*N80 -> 2400000 | P80: =O80*10% -> 240000
A81: 74 | B81: ndna | C81: L5 QUẠY | D81: 46091 | E81: =VLOOKUP($C81,xe!$A:$B,2,0) -> 50H-87055 | F81: =VLOOKUP($B81,ma!$A:$B,2,0) -> NDFC - NAIC BẾN LỨC | I81: 100000 | J81: bx | M81: 1 | N81: =VLOOKUP($B81,ma!$A:$C,3,0) -> 2400000 | O81: =M81*N81 -> 2400000 | P81: =O81*10% -> 240000
A82: 75 | B82: naun | C82: l1 THÀNH | D82: 46092 | E82: =VLOOKUP($C82,xe!$A:$B,2,0) -> 50E-648.73 | F82: =VLOOKUP($B82,ma!$A:$B,2,0) -> NAIC -UNI | I82: 100000 | M82: 1 | N82: =VLOOKUP($B82,ma!$A:$C,3,0) -> 2400000 | O82: =M82*N82 -> 2400000 | P82: =O82*10% -> 240000
A83: 76 | B83: ghtgp | C83: l1 THÀNH | D83: 46092 | E83: =VLOOKUP($C83,xe!$A:$B,2,0) -> 50E-648.73 | F83: =VLOOKUP($B83,ma!$A:$B,2,0) -> GIA HOÀNG TIỀN GIANG PALLET | I83: 100000 | M83: 14.34 | N83: =VLOOKUP($B83,ma!$A:$C,3,0) -> 230000 | O83: =M83*N83 -> 3298200 | P83: =O83*10% -> 329820
A84: 77 | B84: q6p | C84: L2 HOÀI | D84: 46092 | E84: =VLOOKUP($C84,xe!$A:$B,2,0) -> 50H-66347 | F84: =VLOOKUP($B84,ma!$A:$B,2,0) -> PHẠM ANH QUẬN 6 PALLET | I84: 100000 | J84: bx | M84: 11.48 | N84: =VLOOKUP($B84,ma!$A:$C,3,0) -> 200000 | O84: =M84*N84 -> 2296000 | P84: =O84*10% -> 229600
A85: 78 | B85: tlp | C85: L2 HOÀI | D85: 46092 | E85: =VLOOKUP($C85,xe!$A:$B,2,0) -> 50H-66347 | F85: =VLOOKUP($B85,ma!$A:$B,2,0) -> TUẤN LỘC Q7 PALLET | I85: 50000 | J85: bx | M85: 12.47 | N85: =VLOOKUP($B85,ma!$A:$C,3,0) -> 200000 | O85: =M85*N85 -> 2494000 | P85: =O85*10% -> 249400
A86: 79 | B86: tlp | C86: L3 MẾN | D86: 46092 | E86: =VLOOKUP($C86,xe!$A:$B,2,0) -> 50E-654.34 | F86: =VLOOKUP($B86,ma!$A:$B,2,0) -> TUẤN LỘC Q7 PALLET | I86: 50000 | J86: bx | M86: 11.48 | N86: =VLOOKUP($B86,ma!$A:$C,3,0) -> 200000 | O86: =M86*N86 -> 2296000 | P86: =O86*10% -> 229600
A87: 80 | B87: tlp | C87: L3 MẾN | D87: 46092 | E87: =VLOOKUP($C87,xe!$A:$B,2,0) -> 50E-654.34 | F87: =VLOOKUP($B87,ma!$A:$B,2,0) -> TUẤN LỘC Q7 PALLET | I87: 100000 | J87: bx | K87: 50000 | L87: trả pl | M87: 12 | N87: =VLOOKUP($B87,ma!$A:$C,3,0) -> 200000 | O87: =M87*N87 -> 2400000 | P87: =O87*10% -> 240000
A88: 81 | B88: q8x | C88: L4 HOÀ | D88: 46092 | E88: =VLOOKUP($C88,xe!$A:$B,2,0) -> 50E-324,01 | F88: =VLOOKUP($B88,ma!$A:$B,2,0) -> QUẬN 8 XÁ | I88: 200000 | M88: 15.62 | N88: =VLOOKUP($B88,ma!$A:$C,3,0) -> 200000 | O88: =M88*N88 -> 3124000 | P88: =O88*10% -> 312400
A89: 82 | B89: q6p | C89: L5 QUẠY | D89: 46092 | E89: =VLOOKUP($C89,xe!$A:$B,2,0) -> 50H-87055 | F89: =VLOOKUP($B89,ma!$A:$B,2,0) -> PHẠM ANH QUẬN 6 PALLET | I89: 100000 | J89: bx | M89: 13.51 | N89: =VLOOKUP($B89,ma!$A:$C,3,0) -> 200000 | O89: =M89*N89 -> 2702000 | P89: =O89*10% -> 270200
A90: 83 | B90: naun | C90: L5 QUẠY | D90: 46092 | E90: =VLOOKUP($C90,xe!$A:$B,2,0) -> 50H-87055 | F90: =VLOOKUP($B90,ma!$A:$B,2,0) -> NAIC -UNI | I90: 100000 | J90: bx | M90: 1 | N90: =VLOOKUP($B90,ma!$A:$C,3,0) -> 2400000 | O90: =M90*N90 -> 2400000 | P90: =O90*10% -> 240000
A91: 84 | B91: pmvp | C91: l1 THÀNH | D91: 46093 | E91: =VLOOKUP($C91,xe!$A:$B,2,0) -> 50E-648.73 | F91: =VLOOKUP($B91,ma!$A:$B,2,0) -> PHAN MINH VŨ-BIÊN HOÀ PALLET | I91: 120000 | M91: 12.86 | N91: =VLOOKUP($B91,ma!$A:$C,3,0) -> 238000 | O91: =M91*N91 -> 3060680 | P91: =O91*10% -> 306068
A92: 85 | B92: naun | C92: L2 HOÀI | D92: 46093 | E92: =VLOOKUP($C92,xe!$A:$B,2,0) -> 50H-66347 | F92: =VLOOKUP($B92,ma!$A:$B,2,0) -> NAIC -UNI | I92: 100000 | J92: bx | M92: 1 | N92: =VLOOKUP($B92,ma!$A:$C,3,0) -> 2400000 | O92: =M92*N92 -> 2400000 | P92: =O92*10% -> 240000
A93: 86 | B93: hcvml | C93: L2 HOÀI | D93: 46093 | E93: =VLOOKUP($C93,xe!$A:$B,2,0) -> 50H-66347 | F93: =VLOOKUP($B93,ma!$A:$B,2,0) -> HÓA CHẤT VIỆT MỸ XE LỚN | I93: 200000 | J93: bx | M93: 10.46 | N93: =VLOOKUP($B93,ma!$A:$C,3,0) -> 200000 | O93: =M93*N93 -> 2092000 | P93: =O93*10% -> 209200
A94: 87 | B94: q8x | C94: L3 MẾN | D94: 46093 | E94: =VLOOKUP($C94,xe!$A:$B,2,0) -> 50E-654.34 | F94: =VLOOKUP($B94,ma!$A:$B,2,0) -> QUẬN 8 XÁ | I94: 200000 | J94: bx | M94: 14.95 | N94: =VLOOKUP($B94,ma!$A:$C,3,0) -> 200000 | O94: =M94*N94 -> 2990000 | P94: =O94*10% -> 299000
A95: 88 | B95: tlp | C95: L4 HOÀ | D95: 46093 | E95: =VLOOKUP($C95,xe!$A:$B,2,0) -> 50E-324,01 | F95: =VLOOKUP($B95,ma!$A:$B,2,0) -> TUẤN LỘC Q7 PALLET | I95: 100000 | M95: 11.54 | N95: =VLOOKUP($B95,ma!$A:$C,3,0) -> 200000 | O95: =M95*N95 -> 2308000 | P95: =O95*10% -> 230800
A96: 89 | B96: tlp | C96: L4 HOÀ | D96: 46093 | E96: =VLOOKUP($C96,xe!$A:$B,2,0) -> 50E-324,01 | F96: =VLOOKUP($B96,ma!$A:$B,2,0) -> TUẤN LỘC Q7 PALLET | I96: 100000 | M96: 12.88 | N96: =VLOOKUP($B96,ma!$A:$C,3,0) -> 200000 | O96: =M96*N96 -> 2576000 | P96: =O96*10% -> 257600
A97: 90 | B97: tlp | C97: L5 QUẠY | D97: 46093 | E97: =VLOOKUP($C97,xe!$A:$B,2,0) -> 50H-87055 | F97: =VLOOKUP($B97,ma!$A:$B,2,0) -> TUẤN LỘC Q7 PALLET | I97: 100000 | J97: bx | M97: 14.44 | N97: =VLOOKUP($B97,ma!$A:$C,3,0) -> 200000 | O97: =M97*N97 -> 2888000 | P97: =O97*10% -> 288800
A98: 91 | B98: naun | C98: L5 QUẠY | D98: 46093 | E98: =VLOOKUP($C98,xe!$A:$B,2,0) -> 50H-87055 | F98: =VLOOKUP($B98,ma!$A:$B,2,0) -> NAIC -UNI | I98: 100000 | J98: bx | M98: 1 | N98: =VLOOKUP($B98,ma!$A:$C,3,0) -> 2400000 | O98: =M98*N98 -> 2400000 | P98: =O98*10% -> 240000
A99: 92 | B99: q6p | C99: l6 minh | D99: 46093 | E99: =VLOOKUP($C99,xe!$A:$B,2,0) -> 50E-757,74 | F99: =VLOOKUP($B99,ma!$A:$B,2,0) -> PHẠM ANH QUẬN 6 PALLET | I99: 100000 | K99: 140000 | L99: cúng xe | M99: 12.33 | N99: =VLOOKUP($B99,ma!$A:$C,3,0) -> 200000 | O99: =M99*N99 -> 2466000 | P99: =O99*10% -> 246600
A100: 93 | B100: naun | C100: l6 minh | D100: 46093 | E100: =VLOOKUP($C100,xe!$A:$B,2,0) -> 50E-757,74 | F100: =VLOOKUP($B100,ma!$A:$B,2,0) -> NAIC -UNI | I100: 100000 | K100: 365000 | L100: châm ure | M100: 1 | N100: =VLOOKUP($B100,ma!$A:$C,3,0) -> 2400000 | O100: =M100*N100 -> 2400000 | P100: =O100*10% -> 240000
...

Sheet TRUNG CHUYỂN
D1: KÊ CHI TIẾT XE LỚN | P1: PHƯƠNG | Q1: 50H-75206
D2: 46054 | P2: ÂN | Q2: 50H-55294
D3: Tên : | G3: SỐ XE : | P3: HOÀNG | Q3: 50H-55129
F4: #N/A | K4: 2 | L4: 2 | N4: #N/A | P4: HẢI | Q4: 50H-69717
A5: STT | B5: Mã | C5: Tên TX | D5: Ngày | E5: Số Xe | F5: Nơi giao | G5: Đổ Dầu | H5: SỐ KM | I5: C.phí tài xế | J5: ghi chú | K5: Cầu đường | L5: ghi chú | M5: TÀI | N5: Đơn giá | O5: Thành tiền | P5: LƯƠNG LX
A6: 1 | B6: calo | C6: l10 hải | D6: 46082 | E6: =VLOOKUP($C6,xe!$A:$B,2,0) -> 50H-69717 | F6: =VLOOKUP($B6,ma!$A:$B,2,0) -> Chuyển hàng Calofic | I6: 200000 | J6: CHỦ NHẬT | M6: 6 | N6: =VLOOKUP($B6,ma!$A:$C,3,0) -> 180000 | O6: =M6*N6 -> 1080000 | P6: =M6*50000 -> 300000
A7: 2 | B7: calo | C7: l7 phương | D7: 46082 | E7: =VLOOKUP($C7,xe!$A:$B,2,0) -> 50H-75206 | F7: =VLOOKUP($B7,ma!$A:$B,2,0) -> Chuyển hàng Calofic | J7: CHỦ NHẬT | M7: 7 | N7: =VLOOKUP($B7,ma!$A:$C,3,0) -> 180000 | O7: =M7*N7 -> 1260000 | P7: =M7*50000 -> 350000
A8: 3 | B8: ndfc | C8: l8 ân | D8: 46083 | E8: =VLOOKUP($C8,xe!$A:$B,2,0) -> 50H-55294 | F8: =VLOOKUP($B8,ma!$A:$B,2,0) -> Chuyển Hàng ndfc | M8: 2 | N8: =VLOOKUP($B8,ma!$A:$C,3,0) -> 410000 | O8: =M8*N8 -> 820000 | P8: 200000
A9: 4 | B9: calo | C9: l10 hải | D9: 46083 | E9: =VLOOKUP($C9,xe!$A:$B,2,0) -> 50H-69717 | F9: =VLOOKUP($B9,ma!$A:$B,2,0) -> Chuyển hàng Calofic | M9: 11 | N9: =VLOOKUP($B9,ma!$A:$C,3,0) -> 180000 | O9: =M9*N9 -> 1980000 | P9: =M9*50000 -> 550000
A10: 5 | B10: m6 | C10: l7 phương | D10: 46083 | E10: =VLOOKUP($C10,xe!$A:$B,2,0) -> 50H-75206 | F10: =VLOOKUP($B10,ma!$A:$B,2,0) -> MCC 6 CHUYẾN | I10: 60000 | J10: clf | K10: 400000 | L10: Vá vỏ bơm mỡ | M10: 9 | N10: =VLOOKUP($B10,ma!$A:$C,3,0) -> 300000 | O10: =M10*N10 -> 2700000 | P10: 900000
A11: 6 | B11: NDFC | C11: l8 ân | D11: 46084 | E11: =VLOOKUP($C11,xe!$A:$B,2,0) -> 50H-55294 | F11: =VLOOKUP($B11,ma!$A:$B,2,0) -> Chuyển Hàng ndfc | M11: 4 | N11: =VLOOKUP($B11,ma!$A:$C,3,0) -> 410000 | O11: =M11*N11 -> 1640000 | P11: 400000
A12: 7 | B12: m6 | C12: l7 phương | D12: 46084 | E12: =VLOOKUP($C12,xe!$A:$B,2,0) -> 50H-75206 | F12: =VLOOKUP($B12,ma!$A:$B,2,0) -> MCC 6 CHUYẾN | I12: 20000 | J12: clf | K12: 2400000 | L12: 6 CỤC CAO SU NHÍP | M12: 6 | N12: =VLOOKUP($B12,ma!$A:$C,3,0) -> 300000 | O12: =M12*N12 -> 1800000 | P12: 600000
A13: 8 | B13: calo | C13: l10 hải | D13: 46084 | E13: =VLOOKUP($C13,xe!$A:$B,2,0) -> 50H-69717 | F13: =VLOOKUP($B13,ma!$A:$B,2,0) -> Chuyển hàng Calofic | M13: 7 | N13: =VLOOKUP($B13,ma!$A:$C,3,0) -> 180000 | O13: =M13*N13 -> 1260000 | P13: =M13*50000 -> 350000
A14: 9 | B14: ndfc | C14: l8 ân | D14: 46085 | E14: =VLOOKUP($C14,xe!$A:$B,2,0) -> 50H-55294 | F14: =VLOOKUP($B14,ma!$A:$B,2,0) -> Chuyển Hàng ndfc | M14: 4 | N14: =VLOOKUP($B14,ma!$A:$C,3,0) -> 410000 | O14: =M14*N14 -> 1640000 | P14: 400000
A15: 10 | B15: mcc | C15: l7 phương | D15: 46085 | E15: =VLOOKUP($C15,xe!$A:$B,2,0) -> 50H-75206 | F15: =VLOOKUP($B15,ma!$A:$B,2,0) -> Chuyển hàng MCC | I15: 40000 | J15: clf | K15: 4600000 | L15: xét xe | M15: 5 | N15: =VLOOKUP($B15,ma!$A:$C,3,0) -> 414000 | O15: =M15*N15 -> 2070000 | P15: 500000
A16: 11 | B16: calo | C16: l10 hải | D16: 46085 | E16: =VLOOKUP($C16,xe!$A:$B,2,0) -> 50H-69717 | F16: =VLOOKUP($B16,ma!$A:$B,2,0) -> Chuyển hàng Calofic | M16: 10 | N16: =VLOOKUP($B16,ma!$A:$C,3,0) -> 180000 | O16: =M16*N16 -> 1800000 | P16: =M16*50000 -> 500000
A17: 12 | B17: m6 | C17: l7 phương | D17: 46086 | E17: =VLOOKUP($C17,xe!$A:$B,2,0) -> 50H-75206 | F17: =VLOOKUP($B17,ma!$A:$B,2,0) -> MCC 6 CHUYẾN | I17: 40000 | J17: clf | K17: 2000000 | L17: cò xét xe | M17: 6 | N17: =VLOOKUP($B17,ma!$A:$C,3,0) -> 300000 | O17: =M17*N17 -> 1800000 | P17: 600000
A18: 13 | B18: ndfc | C18: l8 ân | D18: 46086 | E18: =VLOOKUP($C18,xe!$A:$B,2,0) -> 50H-55294 | F18: =VLOOKUP($B18,ma!$A:$B,2,0) -> Chuyển Hàng ndfc | M18: 4 | N18: =VLOOKUP($B18,ma!$A:$C,3,0) -> 410000 | O18: =M18*N18 -> 1640000 | P18: 400000
A19: 14 | B19: calo | C19: l10 hải | D19: 46086 | E19: =VLOOKUP($C19,xe!$A:$B,2,0) -> 50H-69717 | F19: =VLOOKUP($B19,ma!$A:$B,2,0) -> Chuyển hàng Calofic | M19: 9 | N19: =VLOOKUP($B19,ma!$A:$C,3,0) -> 180000 | O19: =M19*N19 -> 1620000 | P19: =M19*50000 -> 450000
A20: 15 | B20: NDFC | C20: l8 ân | D20: 46087 | E20: =VLOOKUP($C20,xe!$A:$B,2,0) -> 50H-55294 | F20: =VLOOKUP($B20,ma!$A:$B,2,0) -> Chuyển Hàng ndfc | M20: 3 | N20: =VLOOKUP($B20,ma!$A:$C,3,0) -> 410000 | O20: =M20*N20 -> 1230000 | P20: 300000
A21: 16 | B21: CALO | C21: l10 hải | D21: 46087 | E21: =VLOOKUP($C21,xe!$A:$B,2,0) -> 50H-69717 | F21: =VLOOKUP($B21,ma!$A:$B,2,0) -> Chuyển hàng Calofic | M21: 10 | N21: =VLOOKUP($B21,ma!$A:$C,3,0) -> 180000 | O21: =M21*N21 -> 1800000 | P21: =M21*50000 -> 500000
A22: 17 | B22: mcc | C22: l7 phương | D22: 46087 | E22: =VLOOKUP($C22,xe!$A:$B,2,0) -> 50H-75206 | F22: =VLOOKUP($B22,ma!$A:$B,2,0) -> Chuyển hàng MCC | K22: 5000000 | L22: thay bộ thắng tay | M22: 3 | N22: =VLOOKUP($B22,ma!$A:$C,3,0) -> 414000 | O22: =M22*N22 -> 1242000 | P22: 300000
A23: 18 | B23: cluni | C23: l8 ân | D23: 46087 | E23: =VLOOKUP($C23,xe!$A:$B,2,0) -> 50H-55294 | F23: =VLOOKUP($B23,ma!$A:$B,2,0) -> CALOFIC - UNI ( xe lớn ) | M23: 2 | N23: =VLOOKUP($B23,ma!$A:$C,3,0) -> 400000 | O23: =M23*N23 -> 800000 | P23: 200000
A24: 19 | B24: tlp | C24: l7 phương | D24: 46087 | E24: =VLOOKUP($C24,xe!$A:$B,2,0) -> 50H-75206 | F24: =VLOOKUP($B24,ma!$A:$B,2,0) -> TUẤN LỘC Q7 PALLET | I24: 100000 | J24: bx | K24: 1970000 | L24: MUA BẢO HIỂM XE | M24: 12 | N24: =VLOOKUP($B24,ma!$A:$C,3,0) -> 200000 | O24: =M24*N24 -> 2400000 | P24: 400000
A25: 20 | B25: calo | C25: l9 hoàng | D25: 46088 | E25: =VLOOKUP($C25,xe!$A:$B,2,0) -> 50H-55129 | F25: =VLOOKUP($B25,ma!$A:$B,2,0) -> Chuyển hàng Calofic | M25: 13 | N25: =VLOOKUP($B25,ma!$A:$C,3,0) -> 180000 | O25: =M25*N25 -> 2340000 | P25: =M25*50000 -> 650000
A26: 21 | B26: calo | C26: l10 hải | D26: 46088 | E26: =VLOOKUP($C26,xe!$A:$B,2,0) -> 50H-69717 | F26: =VLOOKUP($B26,ma!$A:$B,2,0) -> Chuyển hàng Calofic | M26: 12 | N26: =VLOOKUP($B26,ma!$A:$C,3,0) -> 180000 | O26: =M26*N26 -> 2160000 | P26: =M26*50000 -> 600000
A27: 22 | B27: mcc | C27: l7 phương | D27: 46088 | E27: =VLOOKUP($C27,xe!$A:$B,2,0) -> 50H-75206 | F27: =VLOOKUP($B27,ma!$A:$B,2,0) -> Chuyển hàng MCC | K27: 1000000 | L27: vệ sinh máy lạnh bơm ga | M27: 4 | N27: =VLOOKUP($B27,ma!$A:$C,3,0) -> 414000 | O27: =M27*N27 -> 1656000 | P27: 400000
A28: 22 | B28: cluni | C28: l8 ân | D28: 46088 | E28: =VLOOKUP($C28,xe!$A:$B,2,0) -> 50H-55294 | F28: =VLOOKUP($B28,ma!$A:$B,2,0) -> CALOFIC - UNI ( xe lớn ) | M28: 2 | N28: =VLOOKUP($B28,ma!$A:$C,3,0) -> 400000 | O28: =M28*N28 -> 800000 | P28: 200000
A29: 23 | B29: ndfc | C29: l8 ân | D29: 46088 | E29: =VLOOKUP($C29,xe!$A:$B,2,0) -> 50H-55294 | F29: =VLOOKUP($B29,ma!$A:$B,2,0) -> Chuyển Hàng ndfc | M29: 2 | N29: =VLOOKUP($B29,ma!$A:$C,3,0) -> 410000 | O29: =M29*N29 -> 820000 | P29: 200000
A30: 24 | B30: calo | C30: l9 hoàng | D30: 46089 | E30: =VLOOKUP($C30,xe!$A:$B,2,0) -> 50H-55129 | F30: =VLOOKUP($B30,ma!$A:$B,2,0) -> Chuyển hàng Calofic | I30: 200000 | J30: CHỦ NHẬT | M30: 5 | N30: =VLOOKUP($B30,ma!$A:$C,3,0) -> 180000 | O30: =M30*N30 -> 900000 | P30: =M30*50000 -> 250000
A31: 25 | B31: calo | C31: l10 hải | D31: 46089 | E31: =VLOOKUP($C31,xe!$A:$B,2,0) -> 50H-69717 | F31: =VLOOKUP($B31,ma!$A:$B,2,0) -> Chuyển hàng Calofic | I31: 200000 | J31: CHỦ NHẬT | M31: 7 | N31: =VLOOKUP($B31,ma!$A:$C,3,0) -> 180000 | O31: =M31*N31 -> 1260000 | P31: =M31*50000 -> 350000
A32: 26 | B32: m6 | C32: l7 phương | D32: 46090 | E32: =VLOOKUP($C32,xe!$A:$B,2,0) -> 50H-75206 | F32: =VLOOKUP($B32,ma!$A:$B,2,0) -> MCC 6 CHUYẾN | I32: 40000 | J32: clf | K32: 850000 | L32: thay cây gạt mưa | M32: 6 | N32: =VLOOKUP($B32,ma!$A:$C,3,0) -> 300000 | O32: =M32*N32 -> 1800000 | P32: 600000
A33: 27 | B33: ndfc | C33: l8 ân | D33: 46090 | E33: =VLOOKUP($C33,xe!$A:$B,2,0) -> 50H-55294 | F33: =VLOOKUP($B33,ma!$A:$B,2,0) -> Chuyển Hàng ndfc | M33: 5 | N33: =VLOOKUP($B33,ma!$A:$C,3,0) -> 410000 | O33: =M33*N33 -> 2050000 | P33: 500000
A34: 28 | B34: calo | C34: l9 hoàng | D34: 46090 | E34: =VLOOKUP($C34,xe!$A:$B,2,0) -> 50H-55129 | F34: =VLOOKUP($B34,ma!$A:$B,2,0) -> Chuyển hàng Calofic | M34: 9 | N34: =VLOOKUP($B34,ma!$A:$C,3,0) -> 180000 | O34: =M34*N34 -> 1620000 | P34: =M34*50000 -> 450000
A35: 29 | B35: calo | C35: l10 hải | D35: 46090 | E35: =VLOOKUP($C35,xe!$A:$B,2,0) -> 50H-69717 | F35: =VLOOKUP($B35,ma!$A:$B,2,0) -> Chuyển hàng Calofic | M35: 8 | N35: =VLOOKUP($B35,ma!$A:$C,3,0) -> 180000 | O35: =M35*N35 -> 1440000 | P35: =M35*50000 -> 400000
A36: 30 | B36: mcc | C36: l7 phương | D36: 46091 | E36: =VLOOKUP($C36,xe!$A:$B,2,0) -> 50H-75206 | F36: =VLOOKUP($B36,ma!$A:$B,2,0) -> Chuyển hàng MCC | I36: 20000 | J36: clf | K36: 3200000 | L36: Bọc ghế + giường | M36: 5 | N36: =VLOOKUP($B36,ma!$A:$C,3,0) -> 414000 | O36: =M36*N36 -> 2070000 | P36: 500000
A37: 32 | B37: ndfc | C37: l8 ân | D37: 46091 | E37: =VLOOKUP($C37,xe!$A:$B,2,0) -> 50H-55294 | F37: =VLOOKUP($B37,ma!$A:$B,2,0) -> Chuyển Hàng ndfc | M37: 4 | N37: =VLOOKUP($B37,ma!$A:$C,3,0) -> 410000 | O37: =M37*N37 -> 1640000 | P37: 400000
A38: 33 | B38: calo | C38: l9 hoàng | D38: 46091 | E38: =VLOOKUP($C38,xe!$A:$B,2,0) -> 50H-55129 | F38: =VLOOKUP($B38,ma!$A:$B,2,0) -> Chuyển hàng Calofic | M38: 10 | N38: =VLOOKUP($B38,ma!$A:$C,3,0) -> 180000 | O38: =M38*N38 -> 1800000 | P38: =M38*50000 -> 500000
A39: 34 | B39: calo | C39: l10 hải | D39: 46091 | E39: =VLOOKUP($C39,xe!$A:$B,2,0) -> 50H-69717 | F39: =VLOOKUP($B39,ma!$A:$B,2,0) -> Chuyển hàng Calofic | M39: 10 | N39: =VLOOKUP($B39,ma!$A:$C,3,0) -> 180000 | O39: =M39*N39 -> 1800000 | P39: =M39*50000 -> 500000
A40: 35 | B40: mcc | C40: l7 phương | D40: 46092 | E40: =VLOOKUP($C40,xe!$A:$B,2,0) -> 50H-75206 | F40: =VLOOKUP($B40,ma!$A:$B,2,0) -> Chuyển hàng MCC | I40: 20000 | J40: clf | K40: 18200000 | L40: làm thùng xe | M40: 2 | N40: =VLOOKUP($B40,ma!$A:$C,3,0) -> 414000 | O40: =M40*N40 -> 828000 | P40: 200000
A41: 36 | B41: ndfc | C41: l8 ân | D41: 46092 | E41: =VLOOKUP($C41,xe!$A:$B,2,0) -> 50H-55294 | F41: =VLOOKUP($B41,ma!$A:$B,2,0) -> Chuyển Hàng ndfc | M41: 4 | N41: =VLOOKUP($B41,ma!$A:$C,3,0) -> 410000 | O41: =M41*N41 -> 1640000 | P41: 400000
A42: 37 | B42: calo | C42: l9 hoàng | D42: 46092 | E42: =VLOOKUP($C42,xe!$A:$B,2,0) -> 50H-55129 | F42: =VLOOKUP($B42,ma!$A:$B,2,0) -> Chuyển hàng Calofic | M42: 7 | N42: =VLOOKUP($B42,ma!$A:$C,3,0) -> 180000 | O42: =M42*N42 -> 1260000 | P42: =M42*50000 -> 350000
A43: 38 | B43: calo | C43: l10 hải | D43: 46092 | E43: =VLOOKUP($C43,xe!$A:$B,2,0) -> 50H-69717 | F43: =VLOOKUP($B43,ma!$A:$B,2,0) -> Chuyển hàng Calofic | M43: 8 | N43: =VLOOKUP($B43,ma!$A:$C,3,0) -> 180000 | O43: =M43*N43 -> 1440000 | P43: =M43*50000 -> 400000
A44: 39 | B44: mcc | C44: l7 phương | D44: 46093 | E44: =VLOOKUP($C44,xe!$A:$B,2,0) -> 50H-75206 | F44: =VLOOKUP($B44,ma!$A:$B,2,0) -> Chuyển hàng MCC | I44: 20000 | J44: clf | K44: 2670000 | L44: MAY BẠT HÔNG | M44: 3 | N44: =VLOOKUP($B44,ma!$A:$C,3,0) -> 414000 | O44: =M44*N44 -> 1242000 | P44: 300000
A45: 40 | B45: ndfc | C45: l8 ân | D45: 46093 | E45: =VLOOKUP($C45,xe!$A:$B,2,0) -> 50H-55294 | F45: =VLOOKUP($B45,ma!$A:$B,2,0) -> Chuyển Hàng ndfc | M45: 4 | N45: =VLOOKUP($B45,ma!$A:$C,3,0) -> 410000 | O45: =M45*N45 -> 1640000 | P45: 400000
A46: 41 | B46: calo | C46: l9 hoàng | D46: 46093 | E46: =VLOOKUP($C46,xe!$A:$B,2,0) -> 50H-55129 | F46: =VLOOKUP($B46,ma!$A:$B,2,0) -> Chuyển hàng Calofic | M46: 8 | N46: =VLOOKUP($B46,ma!$A:$C,3,0) -> 180000 | O46: =M46*N46 -> 1440000 | P46: =M46*50000 -> 400000
A47: 42 | B47: calo | C47: l10 hải | D47: 46093 | E47: =VLOOKUP($C47,xe!$A:$B,2,0) -> 50H-69717 | F47: =VLOOKUP($B47,ma!$A:$B,2,0) -> Chuyển hàng Calofic | M47: 8 | N47: =VLOOKUP($B47,ma!$A:$C,3,0) -> 180000 | O47: =M47*N47 -> 1440000 | P47: =M47*50000 -> 400000
A48: 43 | B48: NDNA | C48: l7 phương | D48: 46094 | E48: =VLOOKUP($C48,xe!$A:$B,2,0) -> 50H-75206 | F48: =VLOOKUP($B48,ma!$A:$B,2,0) -> NDFC - NAIC BẾN LỨC | I48: 200000 | J48: bx | M48: 2 | N48: =VLOOKUP($B48,ma!$A:$C,3,0) -> 2400000 | O48: =M48*N48 -> 4800000 | P48: 800000
A49: 44 | B49: ndfc | C49: l8 ân | D49: 46094 | E49: =VLOOKUP($C49,xe!$A:$B,2,0) -> 50H-55294 | F49: =VLOOKUP($B49,ma!$A:$B,2,0) -> Chuyển Hàng ndfc | M49: 4 | N49: =VLOOKUP($B49,ma!$A:$C,3,0) -> 410000 | O49: =M49*N49 -> 1640000 | P49: 400000
A50: 45 | B50: calo | C50: l9 hoàng | D50: 46094 | E50: =VLOOKUP($C50,xe!$A:$B,2,0) -> 50H-55129 | F50: =VLOOKUP($B50,ma!$A:$B,2,0) -> Chuyển hàng Calofic | M50: 8 | N50: =VLOOKUP($B50,ma!$A:$C,3,0) -> 180000 | O50: =M50*N50 -> 1440000 | P50: =M50*50000 -> 400000
A51: 46 | B51: calo | C51: l10 hải | D51: 46094 | E51: =VLOOKUP($C51,xe!$A:$B,2,0) -> 50H-69717 | F51: =VLOOKUP($B51,ma!$A:$B,2,0) -> Chuyển hàng Calofic | M51: 9 | N51: =VLOOKUP($B51,ma!$A:$C,3,0) -> 180000 | O51: =M51*N51 -> 1620000 | P51: =M51*50000 -> 450000
A52: 47 | B52: calo | C52: l10 hải | D52: 46095 | E52: =VLOOKUP($C52,xe!$A:$B,2,0) -> 50H-69717 | F52: =VLOOKUP($B52,ma!$A:$B,2,0) -> Chuyển hàng Calofic | M52: 13 | N52: =VLOOKUP($B52,ma!$A:$C,3,0) -> 180000 | O52: =M52*N52 -> 2340000 | P52: =M52*50000 -> 650000
A53: 48 | B53: calo | C53: l7 phương | D53: 46095 | E53: 50H -55129 | F53: =VLOOKUP($B53,ma!$A:$B,2,0) -> Chuyển hàng Calofic | M53: 8 | N53: =VLOOKUP($B53,ma!$A:$C,3,0) -> 180000 | O53: =M53*N53 -> 1440000 | P53: =M53*50000 -> 400000
A54: 49 | B54: calo | C54: l9 hoàng | D54: 46096 | E54: =VLOOKUP($C54,xe!$A:$B,2,0) -> 50H-55129 | F54: =VLOOKUP($B54,ma!$A:$B,2,0) -> Chuyển hàng Calofic | I54: 200000 | J54: CHỦ NHẬT | M54: 9 | N54: =VLOOKUP($B54,ma!$A:$C,3,0) -> 180000 | O54: =M54*N54 -> 1620000 | P54: =M54*50000 -> 450000
A55: 50 | B55: calo | C55: l10 hải | D55: 46096 | E55: =VLOOKUP($C55,xe!$A:$B,2,0) -> 50H-69717 | F55: =VLOOKUP($B55,ma!$A:$B,2,0) -> Chuyển hàng Calofic | I55: 200000 | J55: CHỦ NHẬT | M55: 12 | N55: =VLOOKUP($B55,ma!$A:$C,3,0) -> 180000 | O55: =M55*N55 -> 2160000 | P55: =M55*50000 -> 600000
A56: 51 | B56: mcc | C56: l7 phương | D56: 46097 | E56: =VLOOKUP($C56,xe!$A:$B,2,0) -> 50H-75206 | F56: =VLOOKUP($B56,ma!$A:$B,2,0) -> Chuyển hàng MCC | M56: 2 | N56: =VLOOKUP($B56,ma!$A:$C,3,0) -> 414000 | O56: =M56*N56 -> 828000 | P56: 200000
A57: 52 | B57: ndfc | C57: l8 ân | D57: 46097 | E57: =VLOOKUP($C57,xe!$A:$B,2,0) -> 50H-55294 | F57: =VLOOKUP($B57,ma!$A:$B,2,0) -> Chuyển Hàng ndfc | M57: 3 | N57: =VLOOKUP($B57,ma!$A:$C,3,0) -> 410000 | O57: =M57*N57 -> 1230000 | P57: 300000
A58: 53 | B58: calo | C58: l9 hoàng | D58: 46097 | E58: =VLOOKUP($C58,xe!$A:$B,2,0) -> 50H-55129 | F58: =VLOOKUP($B58,ma!$A:$B,2,0) -> Chuyển hàng Calofic | M58: 10 | N58: =VLOOKUP($B58,ma!$A:$C,3,0) -> 180000 | O58: =M58*N58 -> 1800000 | P58: =M58*50000 -> 500000
A59: 54 | B59: calo | C59: l10 hải | D59: 46097 | E59: =VLOOKUP($C59,xe!$A:$B,2,0) -> 50H-69717 | F59: =VLOOKUP($B59,ma!$A:$B,2,0) -> Chuyển hàng Calofic | M59: 11 | N59: =VLOOKUP($B59,ma!$A:$C,3,0) -> 180000 | O59: =M59*N59 -> 1980000 | P59: =M59*50000 -> 550000
A60: 55 | B60: mcc | C60: l7 phương | D60: 46098 | E60: =VLOOKUP($C60,xe!$A:$B,2,0) -> 50H-75206 | F60: =VLOOKUP($B60,ma!$A:$B,2,0) -> Chuyển hàng MCC | I60: 20000 | J60: clf | M60: 1 | N60: =VLOOKUP($B60,ma!$A:$C,3,0) -> 414000 | O60: =M60*N60 -> 414000 | P60: 100000
A61: 56 | B61: ndfc | C61: l8 ân | D61: 46098 | E61: =VLOOKUP($C61,xe!$A:$B,2,0) -> 50H-55294 | F61: =VLOOKUP($B61,ma!$A:$B,2,0) -> Chuyển Hàng ndfc | M61: 3 | N61: =VLOOKUP($B61,ma!$A:$C,3,0) -> 410000 | O61: =M61*N61 -> 1230000 | P61: 300000
A62: 57 | B62: calo | C62: l9 hoàng | D62: 46098 | E62: =VLOOKUP($C62,xe!$A:$B,2,0) -> 50H-55129 | F62: =VLOOKUP($B62,ma!$A:$B,2,0) -> Chuyển hàng Calofic | M62: 8 | N62: =VLOOKUP($B62,ma!$A:$C,3,0) -> 180000 | O62: =M62*N62 -> 1440000 | P62: =M62*50000 -> 400000
A63: 58 | B63: calo | C63: l10 hải | D63: 46098 | E63: =VLOOKUP($C63,xe!$A:$B,2,0) -> 50H-69717 | F63: =VLOOKUP($B63,ma!$A:$B,2,0) -> Chuyển hàng Calofic | M63: 8 | N63: =VLOOKUP($B63,ma!$A:$C,3,0) -> 180000 | O63: =M63*N63 -> 1440000 | P63: =M63*50000 -> 400000
A64: 59 | B64: tlp | C64: l7 phương | D64: 46098 | E64: =VLOOKUP($C64,xe!$A:$B,2,0) -> 50H-75206 | F64: =VLOOKUP($B64,ma!$A:$B,2,0) -> TUẤN LỘC Q7 PALLET | I64: 100000 | J64: bx | M64: 12 | N64: =VLOOKUP($B64,ma!$A:$C,3,0) -> 200000 | O64: =M64*N64 -> 2400000 | P64: 400000
A65: 60 | B65: ndfc | C65: l8 ân | D65: 46099 | E65: =VLOOKUP($C65,xe!$A:$B,2,0) -> 50H-55294 | F65: =VLOOKUP($B65,ma!$A:$B,2,0) -> Chuyển Hàng ndfc | M65: 3 | N65: =VLOOKUP($B65,ma!$A:$C,3,0) -> 410000 | O65: =M65*N65 -> 1230000 | P65: 300000
A66: 61 | B66: calo | C66: l9 hoàng | D66: 46099 | E66: =VLOOKUP($C66,xe!$A:$B,2,0) -> 50H-55129 | F66: =VLOOKUP($B66,ma!$A:$B,2,0) -> Chuyển hàng Calofic | M66: 9 | N66: =VLOOKUP($B66,ma!$A:$C,3,0) -> 180000 | O66: =M66*N66 -> 1620000 | P66: =M66*50000 -> 450000
A67: 62 | B67: calo | C67: l10 hải | D67: 46099 | E67: =VLOOKUP($C67,xe!$A:$B,2,0) -> 50H-69717 | F67: =VLOOKUP($B67,ma!$A:$B,2,0) -> Chuyển hàng Calofic | M67: 9 | N67: =VLOOKUP($B67,ma!$A:$C,3,0) -> 180000 | O67: =M67*N67 -> 1620000 | P67: =M67*50000 -> 450000
A68: 63 | B68: mcc | C68: l11 phương | D68: 46100 | E68: =VLOOKUP($C68,xe!$A:$B,2,0) -> 50E-758,73 | F68: =VLOOKUP($B68,ma!$A:$B,2,0) -> Chuyển hàng MCC | I68: 40000 | J68: clf | M68: 4 | N68: =VLOOKUP($B68,ma!$A:$C,3,0) -> 414000 | O68: =M68*N68 -> 1656000 | P68: 400000
A69: 64 | B69: ndfc | C69: l8 ân | D69: 46100 | E69: =VLOOKUP($C69,xe!$A:$B,2,0) -> 50H-55294 | F69: =VLOOKUP($B69,ma!$A:$B,2,0) -> Chuyển Hàng ndfc | M69: 4 | N69: =VLOOKUP($B69,ma!$A:$C,3,0) -> 410000 | O69: =M69*N69 -> 1640000 | P69: 400000
A70: 65 | B70: calo | C70: l9 hoàng | D70: 46100 | E70: =VLOOKUP($C70,xe!$A:$B,2,0) -> 50H-55129 | F70: =VLOOKUP($B70,ma!$A:$B,2,0) -> Chuyển hàng Calofic | M70: 9 | N70: =VLOOKUP($B70,ma!$A:$C,3,0) -> 180000 | O70: =M70*N70 -> 1620000 | P70: =M70*50000 -> 450000
A71: 66 | B71: calo | C71: l10 hải | D71: 46100 | E71: =VLOOKUP($C71,xe!$A:$B,2,0) -> 50H-69717 | F71: =VLOOKUP($B71,ma!$A:$B,2,0) -> Chuyển hàng Calofic | M71: 7 | N71: =VLOOKUP($B71,ma!$A:$C,3,0) -> 180000 | O71: =M71*N71 -> 1260000 | P71: =M71*50000 -> 350000
A72: 67 | B72: MCC | C72: l11 phương | D72: 46101 | E72: =VLOOKUP($C72,xe!$A:$B,2,0) -> 50E-758,73 | F72: =VLOOKUP($B72,ma!$A:$B,2,0) -> Chuyển hàng MCC | I72: 20000 | J72: CLF | M72: 5 | N72: =VLOOKUP($B72,ma!$A:$C,3,0) -> 414000 | O72: =M72*N72 -> 2070000 | P72: 500000
A73: 68 | B73: NDFC | C73: l8 ân | D73: 46101 | E73: =VLOOKUP($C73,xe!$A:$B,2,0) -> 50H-55294 | F73: =VLOOKUP($B73,ma!$A:$B,2,0) -> Chuyển Hàng ndfc | M73: 3 | N73: =VLOOKUP($B73,ma!$A:$C,3,0) -> 410000 | O73: =M73*N73 -> 1230000 | P73: 300000
A74: 69 | B74: CALO | C74: l9 hoàng | D74: 46101 | E74: =VLOOKUP($C74,xe!$A:$B,2,0) -> 50H-55129 | F74: =VLOOKUP($B74,ma!$A:$B,2,0) -> Chuyển hàng Calofic | M74: 9 | N74: =VLOOKUP($B74,ma!$A:$C,3,0) -> 180000 | O74: =M74*N74 -> 1620000 | P74: =M74*50000 -> 450000
A75: 70 | B75: CALO | C75: l10 hải | D75: 46101 | E75: =VLOOKUP($C75,xe!$A:$B,2,0) -> 50H-69717 | F75: =VLOOKUP($B75,ma!$A:$B,2,0) -> Chuyển hàng Calofic | M75: 8 | N75: =VLOOKUP($B75,ma!$A:$C,3,0) -> 180000 | O75: =M75*N75 -> 1440000 | P75: =M75*50000 -> 400000
A76: 71 | B76: mcc | C76: l11 phương | D76: 46102 | E76: =VLOOKUP($C76,xe!$A:$B,2,0) -> 50E-758,73 | F76: =VLOOKUP($B76,ma!$A:$B,2,0) -> Chuyển hàng MCC | I76: 20000 | J76: clf | M76: 2 | N76: =VLOOKUP($B76,ma!$A:$C,3,0) -> 414000 | O76: =M76*N76 -> 828000 | P76: 200000
A77: 72 | B77: ndfc | C77: l8 ân | D77: 46102 | E77: =VLOOKUP($C77,xe!$A:$B,2,0) -> 50H-55294 | F77: =VLOOKUP($B77,ma!$A:$B,2,0) -> Chuyển Hàng ndfc | M77: 4 | N77: =VLOOKUP($B77,ma!$A:$C,3,0) -> 410000 | O77: =M77*N77 -> 1640000 | P77: 400000
A78: 73 | B78: calo | C78: l9 hoàng | D78: 46102 | E78: =VLOOKUP($C78,xe!$A:$B,2,0) -> 50H-55129 | F78: =VLOOKUP($B78,ma!$A:$B,2,0) -> Chuyển hàng Calofic | M78: 6 | N78: =VLOOKUP($B78,ma!$A:$C,3,0) -> 180000 | O78: =M78*N78 -> 1080000 | P78: =M78*50000 -> 300000
A79: 74 | B79: calo | C79: l10 hải | D79: 46102 | E79: =VLOOKUP($C79,xe!$A:$B,2,0) -> 50H-69717 | F79: =VLOOKUP($B79,ma!$A:$B,2,0) -> Chuyển hàng Calofic | M79: 7 | N79: =VLOOKUP($B79,ma!$A:$C,3,0) -> 180000 | O79: =M79*N79 -> 1260000 | P79: =M79*50000 -> 350000
A80: 75 | B80: CALO | C80: l9 hoàng | D80: 46103 | E80: =VLOOKUP($C80,xe!$A:$B,2,0) -> 50H-55129 | F80: =VLOOKUP($B80,ma!$A:$B,2,0) -> Chuyển hàng Calofic | I80: 200000 | J80: CHỦ NHẬT | M80: 8 | N80: =VLOOKUP($B80,ma!$A:$C,3,0) -> 180000 | O80: =M80*N80 -> 1440000 | P80: =M80*50000 -> 400000
A81: 76 | B81: CALO | C81: l10 hải | D81: 46103 | E81: =VLOOKUP($C81,xe!$A:$B,2,0) -> 50H-69717 | F81: =VLOOKUP($B81,ma!$A:$B,2,0) -> Chuyển hàng Calofic | I81: 200000 | J81: CHỦ NHẬT | M81: 10 | N81: =VLOOKUP($B81,ma!$A:$C,3,0) -> 180000 | O81: =M81*N81 -> 1800000 | P81: =M81*50000 -> 500000
A82: 77 | B82: mcc | C82: l12 phương | D82: 46104 | E82: =VLOOKUP($C82,xe!$A:$B,2,0) -> 50H-66347 | F82: =VLOOKUP($B82,ma!$A:$B,2,0) -> Chuyển hàng MCC | I82: 20000 | J82: clf | M82: 4 | N82: =VLOOKUP($B82,ma!$A:$C,3,0) -> 414000 | O82: =M82*N82 -> 1656000 | P82: 400000
A83: 78 | B83: ndfc | C83: l8 ân | D83: 46104 | E83: =VLOOKUP($C83,xe!$A:$B,2,0) -> 50H-55294 | F83: =VLOOKUP($B83,ma!$A:$B,2,0) -> Chuyển Hàng ndfc | M83: 4 | N83: =VLOOKUP($B83,ma!$A:$C,3,0) -> 410000 | O83: =M83*N83 -> 1640000 | P83: 400000
A84: 79 | B84: calo | C84: l9 hoàng | D84: 46104 | E84: =VLOOKUP($C84,xe!$A:$B,2,0) -> 50H-55129 | F84: =VLOOKUP($B84,ma!$A:$B,2,0) -> Chuyển hàng Calofic | M84: 11 | N84: =VLOOKUP($B84,ma!$A:$C,3,0) -> 180000 | O84: =M84*N84 -> 1980000 | P84: =M84*50000 -> 550000
A85: 80 | B85: calo | C85: l10 hải | D85: 46104 | E85: =VLOOKUP($C85,xe!$A:$B,2,0) -> 50H-69717 | F85: =VLOOKUP($B85,ma!$A:$B,2,0) -> Chuyển hàng Calofic | M85: 10 | N85: =VLOOKUP($B85,ma!$A:$C,3,0) -> 180000 | O85: =M85*N85 -> 1800000 | P85: =M85*50000 -> 500000
A86: 81 | B86: mcc | C86: l11 phương | D86: 46105 | E86: =VLOOKUP($C86,xe!$A:$B,2,0) -> 50E-758,73 | F86: =VLOOKUP($B86,ma!$A:$B,2,0) -> Chuyển hàng MCC | M86: 3 | N86: =VLOOKUP($B86,ma!$A:$C,3,0) -> 414000 | O86: =M86*N86 -> 1242000 | P86: 300000
A87: 82 | B87: ndfc | C87: l8 ân | D87: 46105 | E87: =VLOOKUP($C87,xe!$A:$B,2,0) -> 50H-55294 | F87: =VLOOKUP($B87,ma!$A:$B,2,0) -> Chuyển Hàng ndfc | M87: 4 | N87: =VLOOKUP($B87,ma!$A:$C,3,0) -> 410000 | O87: =M87*N87 -> 1640000 | P87: 400000
A88: 83 | B88: calo | C88: l9 hoàng | D88: 46105 | E88: =VLOOKUP($C88,xe!$A:$B,2,0) -> 50H-55129 | F88: =VLOOKUP($B88,ma!$A:$B,2,0) -> Chuyển hàng Calofic | M88: 10 | N88: =VLOOKUP($B88,ma!$A:$C,3,0) -> 180000 | O88: =M88*N88 -> 1800000 | P88: =M88*50000 -> 500000
A89: 84 | B89: calo | C89: l10 hải | D89: 46105 | E89: =VLOOKUP($C89,xe!$A:$B,2,0) -> 50H-69717 | F89: =VLOOKUP($B89,ma!$A:$B,2,0) -> Chuyển hàng Calofic | M89: 8 | N89: =VLOOKUP($B89,ma!$A:$C,3,0) -> 180000 | O89: =M89*N89 -> 1440000 | P89: =M89*50000 -> 400000
A90: 85 | B90: mcc | C90: l11 phương | D90: 46106 | E90: =VLOOKUP($C90,xe!$A:$B,2,0) -> 50E-758,73 | F90: =VLOOKUP($B90,ma!$A:$B,2,0) -> Chuyển hàng MCC | I90: 20000 | J90: clf | M90: 4 | N90: =VLOOKUP($B90,ma!$A:$C,3,0) -> 414000 | O90: =M90*N90 -> 1656000 | P90: 400000
A91: 86 | B91: ndfc | C91: l8 ân | D91: 46106 | E91: =VLOOKUP($C91,xe!$A:$B,2,0) -> 50H-55294 | F91: =VLOOKUP($B91,ma!$A:$B,2,0) -> Chuyển Hàng ndfc | M91: 5 | N91: =VLOOKUP($B91,ma!$A:$C,3,0) -> 410000 | O91: =M91*N91 -> 2050000 | P91: 500000
A92: 87 | B92: calo | C92: l9 hoàng | D92: 46106 | E92: =VLOOKUP($C92,xe!$A:$B,2,0) -> 50H-55129 | F92: =VLOOKUP($B92,ma!$A:$B,2,0) -> Chuyển hàng Calofic | M92: 10 | N92: =VLOOKUP($B92,ma!$A:$C,3,0) -> 180000 | O92: =M92*N92 -> 1800000 | P92: =M92*50000 -> 500000
A93: 88 | B93: calo | C93: l10 hải | D93: 46106 | E93: =VLOOKUP($C93,xe!$A:$B,2,0) -> 50H-69717 | F93: =VLOOKUP($B93,ma!$A:$B,2,0) -> Chuyển hàng Calofic | M93: 7 | N93: =VLOOKUP($B93,ma!$A:$C,3,0) -> 180000 | O93: =M93*N93 -> 1260000 | P93: =M93*50000 -> 350000
A94: 89 | B94: mcc | C94: l11 phương | D94: 46107 | E94: =VLOOKUP($C94,xe!$A:$B,2,0) -> 50E-758,73 | F94: =VLOOKUP($B94,ma!$A:$B,2,0) -> Chuyển hàng MCC | I94: 20000 | J94: clf | M94: 4 | N94: =VLOOKUP($B94,ma!$A:$C,3,0) -> 414000 | O94: =M94*N94 -> 1656000 | P94: 400000
A95: 90 | B95: ndfc | C95: l8 ân | D95: 46107 | E95: =VLOOKUP($C95,xe!$A:$B,2,0) -> 50H-55294 | F95: =VLOOKUP($B95,ma!$A:$B,2,0) -> Chuyển Hàng ndfc | M95: 5 | N95: =VLOOKUP($B95,ma!$A:$C,3,0) -> 410000 | O95: =M95*N95 -> 2050000 | P95: 500000
A96: 91 | B96: calo | C96: l9 hoàng | D96: 46107 | E96: =VLOOKUP($C96,xe!$A:$B,2,0) -> 50H-55129 | F96: =VLOOKUP($B96,ma!$A:$B,2,0) -> Chuyển hàng Calofic | M96: 11 | N96: =VLOOKUP($B96,ma!$A:$C,3,0) -> 180000 | O96: =M96*N96 -> 1980000 | P96: =M96*50000 -> 550000
A97: 92 | B97: calo | C97: l10 hải | D97: 46107 | E97: =VLOOKUP($C97,xe!$A:$B,2,0) -> 50H-69717 | F97: =VLOOKUP($B97,ma!$A:$B,2,0) -> Chuyển hàng Calofic | M97: 10 | N97: =VLOOKUP($B97,ma!$A:$C,3,0) -> 180000 | O97: =M97*N97 -> 1800000 | P97: =M97*50000 -> 500000
A98: 93 | B98: mcc | C98: l11 phương | D98: 46108 | E98: =VLOOKUP($C98,xe!$A:$B,2,0) -> 50E-758,73 | F98: =VLOOKUP($B98,ma!$A:$B,2,0) -> Chuyển hàng MCC | M98: 4 | N98: =VLOOKUP($B98,ma!$A:$C,3,0) -> 414000 | O98: =M98*N98 -> 1656000 | P98: 400000
A99: 94 | B99: ndfc | C99: l8 ân | D99: 46108 | E99: =VLOOKUP($C99,xe!$A:$B,2,0) -> 50H-55294 | F99: =VLOOKUP($B99,ma!$A:$B,2,0) -> Chuyển Hàng ndfc | M99: 3 | N99: =VLOOKUP($B99,ma!$A:$C,3,0) -> 410000 | O99: =M99*N99 -> 1230000 | P99: 300000
A100: 95 | B100: calo | C100: l9 hoàng | D100: 46108 | E100: =VLOOKUP($C100,xe!$A:$B,2,0) -> 50H-55129 | F100: =VLOOKUP($B100,ma!$A:$B,2,0) -> Chuyển hàng Calofic | M100: 5 | N100: =VLOOKUP($B100,ma!$A:$C,3,0) -> 180000 | O100: =M100*N100 -> 900000 | P100: =M100*50000 -> 250000
...

Sheet 50H-88294
C1: KÊ CHI TIẾT 50H-88294
C2: 46112
C3: Tên : | E3: SỐ XE : | I3: 50H-88294
D4: #N/A | L4: #N/A
A5: STT | B5: Mã | C5: Ngày | D5: Nơi giao | E5: Đổ Dầu | F5: SỐ KM | G5: CẦU ĐƯỜNG | H5: Ghi chú | I5: C.phí c.xe | J5: ghi chú | K5: TÀI | L5: Đơn giá | M5: Thành tiền | O5: MUA XE 51C-89727
A6: 1 | D6: =VLOOKUP($B6,ma!$A:$B,2,0) -> #N/A | K6: 1 | L6: =VLOOKUP($B6,ma!$A:$C,3,0) -> #N/A | M6: =VLOOKUP($B6,ma!$A:$C,3,0) -> #N/A | O6: 45372 | P6: 305000000 | Q6: GIÁ XE
A7: 2 | D7: =VLOOKUP($B7,ma!$A:$B,2,0) -> #N/A | K7: 1 | L7: =VLOOKUP($B7,ma!$A:$C,3,0) -> #N/A | M7: =VLOOKUP($B7,ma!$A:$C,3,0) -> #N/A | O7: 45372 | P7: 3500000 | Q7: CÀ PHÊ
A8: 3 | D8: =VLOOKUP($B8,ma!$A:$B,2,0) -> #N/A | K8: 1 | L8: =VLOOKUP($B8,ma!$A:$C,3,0) -> #N/A | M8: =VLOOKUP($B8,ma!$A:$C,3,0) -> #N/A | P8: 640000 | Q8: BẢO HIỂM XE
A9: 4 | D9: =VLOOKUP($B9,ma!$A:$B,2,0) -> #N/A | K9: 1 | L9: =VLOOKUP($B9,ma!$A:$C,3,0) -> #N/A | M9: =VLOOKUP($B9,ma!$A:$C,3,0) -> #N/A | P9: 2300000 | Q9: ĐỊNH VỊ XE
A10: 5 | D10: =VLOOKUP($B10,ma!$A:$B,2,0) -> #N/A | K10: 1 | L10: =VLOOKUP($B10,ma!$A:$C,3,0) -> #N/A | M10: =VLOOKUP($B10,ma!$A:$C,3,0) -> #N/A | O10: 45373 | P10: 8000000 | Q10: DẦU MÁY
A11: 6 | D11: =VLOOKUP($B11,ma!$A:$B,2,0) -> #N/A | K11: 1 | L11: =VLOOKUP($B11,ma!$A:$C,3,0) -> #N/A | M11: =VLOOKUP($B11,ma!$A:$C,3,0) -> #N/A | O11: 45373 | P11: 3810000 | Q11: bảo dưỡng xe
A12: 7 | D12: =VLOOKUP($B12,ma!$A:$B,2,0) -> #N/A | K12: 1 | L12: =VLOOKUP($B12,ma!$A:$C,3,0) -> #N/A | M12: =VLOOKUP($B12,ma!$A:$C,3,0) -> #N/A | O12: 45373 | P12: 1100000 | Q12: MUA ĐÈN THÙNG
A13: 8 | D13: =VLOOKUP($B13,ma!$A:$B,2,0) -> #N/A | K13: 1 | L13: =VLOOKUP($B13,ma!$A:$C,3,0) -> #N/A | M13: =VLOOKUP($B13,ma!$A:$C,3,0) -> #N/A | O13: 45550 | P13: 9000000 | Q13: thay 4 vỏ sau
A14: 9 | D14: =VLOOKUP($B14,ma!$A:$B,2,0) -> #N/A | K14: 1 | L14: =VLOOKUP($B14,ma!$A:$C,3,0) -> #N/A | M14: =VLOOKUP($B14,ma!$A:$C,3,0) -> #N/A
A15: 10 | D15: =VLOOKUP($B15,ma!$A:$B,2,0) -> #N/A | K15: 1 | L15: =VLOOKUP($B15,ma!$A:$C,3,0) -> #N/A | M15: =VLOOKUP($B15,ma!$A:$C,3,0) -> #N/A | P15: =SUM(P6:P14) -> 333350000
A16: 11 | D16: =VLOOKUP($B16,ma!$A:$B,2,0) -> #N/A | K16: 1 | L16: =VLOOKUP($B16,ma!$A:$C,3,0) -> #N/A | M16: =VLOOKUP($B16,ma!$A:$C,3,0) -> #N/A
A17: 12 | D17: =VLOOKUP($B17,ma!$A:$B,2,0) -> #N/A | K17: 1 | L17: =VLOOKUP($B17,ma!$A:$C,3,0) -> #N/A | M17: =VLOOKUP($B17,ma!$A:$C,3,0) -> #N/A | O17: MUA XE | P17: 317,150,000
A18: 13 | D18: =VLOOKUP($B18,ma!$A:$B,2,0) -> #N/A | K18: 1 | L18: =VLOOKUP($B18,ma!$A:$C,3,0) -> #N/A | M18: =VLOOKUP($B18,ma!$A:$C,3,0) -> #N/A | O18: D.THU 3/2024 | P18: 2,830,000
A19: 14 | D19: =VLOOKUP($B19,ma!$A:$B,2,0) -> #N/A | K19: 1 | L19: =VLOOKUP($B19,ma!$A:$C,3,0) -> #N/A | M19: =VLOOKUP($B19,ma!$A:$C,3,0) -> #N/A | P19: 314,320,000
A20: 15 | D20: =VLOOKUP($B20,ma!$A:$B,2,0) -> #N/A | K20: 1 | L20: =VLOOKUP($B20,ma!$A:$C,3,0) -> #N/A | M20: =VLOOKUP($B20,ma!$A:$C,3,0) -> #N/A | O20: CHIA ĐÔI | P20: 157,160,000
A21: 16 | D21: =VLOOKUP($B21,ma!$A:$B,2,0) -> #N/A | K21: 1 | L21: =VLOOKUP($B21,ma!$A:$C,3,0) -> #N/A | M21: =VLOOKUP($B21,ma!$A:$C,3,0) -> #N/A
A22: 17 | D22: =VLOOKUP($B22,ma!$A:$B,2,0) -> #N/A | K22: 1 | L22: =VLOOKUP($B22,ma!$A:$C,3,0) -> #N/A | M22: =VLOOKUP($B22,ma!$A:$C,3,0) -> #N/A
A23: 18 | D23: =VLOOKUP($B23,ma!$A:$B,2,0) -> #N/A | K23: 1 | L23: =VLOOKUP($B23,ma!$A:$C,3,0) -> #N/A | M23: =VLOOKUP($B23,ma!$A:$C,3,0) -> #N/A
A24: 19 | D24: =VLOOKUP($B24,ma!$A:$B,2,0) -> #N/A | K24: 1 | L24: =VLOOKUP($B24,ma!$A:$C,3,0) -> #N/A | M24: =VLOOKUP($B24,ma!$A:$C,3,0) -> #N/A
A25: 20 | D25: =VLOOKUP($B25,ma!$A:$B,2,0) -> #N/A | K25: 1 | L25: =VLOOKUP($B25,ma!$A:$C,3,0) -> #N/A | M25: =VLOOKUP($B25,ma!$A:$C,3,0) -> #N/A
A26: 21 | D26: =VLOOKUP($B26,ma!$A:$B,2,0) -> #N/A | K26: 1 | L26: =VLOOKUP($B26,ma!$A:$C,3,0) -> #N/A | M26: =VLOOKUP($B26,ma!$A:$C,3,0) -> #N/A
A27: 22 | D27: =VLOOKUP($B27,ma!$A:$B,2,0) -> #N/A | K27: 1 | L27: =VLOOKUP($B27,ma!$A:$C,3,0) -> #N/A | M27: =VLOOKUP($B27,ma!$A:$C,3,0) -> #N/A
A28: 23 | D28: =VLOOKUP($B28,ma!$A:$B,2,0) -> #N/A | K28: 1 | L28: =VLOOKUP($B28,ma!$A:$C,3,0) -> #N/A | M28: =VLOOKUP($B28,ma!$A:$C,3,0) -> #N/A
A29: 24 | D29: =VLOOKUP($B29,ma!$A:$B,2,0) -> #N/A | K29: 1 | L29: =VLOOKUP($B29,ma!$A:$C,3,0) -> #N/A | M29: =VLOOKUP($B29,ma!$A:$C,3,0) -> #N/A
A30: 25 | D30: =VLOOKUP($B30,ma!$A:$B,2,0) -> #N/A | K30: 1 | L30: =VLOOKUP($B30,ma!$A:$C,3,0) -> #N/A | M30: =VLOOKUP($B30,ma!$A:$C,3,0) -> #N/A
A31: 26 | D31: =VLOOKUP($B31,ma!$A:$B,2,0) -> #N/A | K31: 1 | L31: =VLOOKUP($B31,ma!$A:$C,3,0) -> #N/A | M31: =VLOOKUP($B31,ma!$A:$C,3,0) -> #N/A
A32: 27 | D32: =VLOOKUP($B32,ma!$A:$B,2,0) -> #N/A | K32: 1 | L32: =VLOOKUP($B32,ma!$A:$C,3,0) -> #N/A | M32: =VLOOKUP($B32,ma!$A:$C,3,0) -> #N/A
... A48: 43 | D48: =VLOOKUP($B48,ma!$A:$B,2,0) -> #N/A | K48: 1 | L48: =VLOOKUP($B48,ma!$A:$C,3,0) -> #N/A | M48: =VLOOKUP($B48,ma!$A:$C,3,0) -> #N/A
C49: Tổng cộng : | F49: 176.89 | G49: =SUM(G6:G48) -> 0 | I49: =SUM(I6:I48) -> 0 | K49: 43 | M49: =SUM(M6:M48) -> #N/A
C50: Doanh Thu | D50: 33,550,000 | P50: doanh thu 03/2024
C51: Chi Phí | D51: =G49+I49 -> 0 | G51: doanh thu 01/2025 | P51: doanh thu 04/2024 | Q51: 10750000
C52: Lương | D52: 7,800,000 | G52: 45658 | H52: 4000000 | P52: doanh thu 05/2024 | Q52: 9510000
G53: 45689 | H53: 7760000 | P53: doanh thu 06/2024 | Q53: 7010000
C54: BHXH | D54: 1,100,000 | G54: 45717 | H54: 14900000 | P54: doanh thu 07/2024 | Q54: 15600000
C55: Còn Lại | D55: 13,740,000 | G55: 45748 | H55: 11400000 | P55: doanh thu 08/2024 | Q55: 14160000
G56: 45778 | H56: 18990000 | P56: doanh thu 09/2024 | Q56: 3160000
G57: 45809 | H57: 1980000 | P57: doanh thu 10/2024 | Q57: 19640000
G58: 45839 | H58: 13740000 | P58: doanh thu 11/2024 | Q58: 16970000
G59: 45870 | P59: doanh thu 12/2024 | Q59: 21800000
G60: 45901 | H60: 6970000
G61: 45931 | H61: 13740000 | R61: TỔNG : | S61: =SUM(Q51:Q59) -> 118600000
G62: 45962 | H62: 12640000
G63: 45992
I64: TỔNG : | J64: =SUM(H52:H63) -> 106120000

Sheet 50H-74619
C1: BẢNG KÊ 50H-74619
C2: 45930
C3: Tên : | D3: THẠCH | E3: SỐ XE : | I3: 50H-74619
D4: #N/A | L4: #N/A
A5: STT | B5: Mã | C5: Ngày | D5: Nơi giao | E5: Đổ Dầu | F5: SỐ KM | G5: CẦU ĐƯỜNG | H5: Ghi chú | I5: C.phí c.xe | J5: ghi chú | K5: TÀI | L5: Đơn giá | M5: Thành tiền | O5: MUA XE 50H-74619
A6: 1 | D6: =VLOOKUP($B6,ma!$A:$B,2,0) -> #N/A | I6: 900000 | J6: BÃI XE | K6: 1 | L6: =VLOOKUP($B6,ma!$A:$C,3,0) -> #N/A | M6: =VLOOKUP($B6,ma!$A:$C,3,0) -> #N/A | O6: 45667 | P6: 426000000 | Q6: MUA XE
A7: 2 | D7: =VLOOKUP($B7,ma!$A:$B,2,0) -> #N/A | K7: 1 | L7: =VLOOKUP($B7,ma!$A:$C,3,0) -> #N/A | M7: =VLOOKUP($B7,ma!$A:$C,3,0) -> #N/A | O7: 45667 | P7: 1000000 | Q7: XE KÉO VỀ BÃI
A8: 3 | D8: =VLOOKUP($B8,ma!$A:$B,2,0) -> #N/A | K8: 1 | L8: =VLOOKUP($B8,ma!$A:$C,3,0) -> #N/A | M8: =VLOOKUP($B8,ma!$A:$C,3,0) -> #N/A | O8: 45669 | P8: 2460000 | Q8: ĐỊNH VỊ
A9: 4 | D9: =VLOOKUP($B9,ma!$A:$B,2,0) -> #N/A | K9: 1 | L9: =VLOOKUP($B9,ma!$A:$C,3,0) -> #N/A | M9: =VLOOKUP($B9,ma!$A:$C,3,0) -> #N/A | O9: 45669 | P9: 5450000 | Q9: thuế trước bạ
A10: 5 | D10: =VLOOKUP($B10,ma!$A:$B,2,0) -> #N/A | K10: 1 | L10: =VLOOKUP($B10,ma!$A:$C,3,0) -> #N/A | M10: =VLOOKUP($B10,ma!$A:$C,3,0) -> #N/A | O10: 45669 | P10: 3500000 | Q10: cò giấy tờ
A11: 6 | D11: =VLOOKUP($B11,ma!$A:$B,2,0) -> #N/A | K11: 1 | L11: =VLOOKUP($B11,ma!$A:$C,3,0) -> #N/A | M11: =VLOOKUP($B11,ma!$A:$C,3,0) -> #N/A | O11: 45671 | P11: 1280000 | Q11: xét xe
A12: 7 | D12: =VLOOKUP($B12,ma!$A:$B,2,0) -> #N/A | K12: 1 | L12: =VLOOKUP($B12,ma!$A:$C,3,0) -> #N/A | M12: =VLOOKUP($B12,ma!$A:$C,3,0) -> #N/A | O12: 45672 | P12: 640000 | Q12: bảo hiểm xe
A13: 8 | D13: =VLOOKUP($B13,ma!$A:$B,2,0) -> #N/A | K13: 1 | L13: =VLOOKUP($B13,ma!$A:$C,3,0) -> #N/A | M13: =VLOOKUP($B13,ma!$A:$C,3,0) -> #N/A | O13: 45673 | P13: 500000 | Q13: Phù hiệu xe
A14: 9 | D14: =VLOOKUP($B14,ma!$A:$B,2,0) -> #N/A | K14: 1 | L14: =VLOOKUP($B14,ma!$A:$C,3,0) -> #N/A | M14: =VLOOKUP($B14,ma!$A:$C,3,0) -> #N/A | O14: 45675 | P14: 3450000 | Q14: Thay bình ắc quy
A15: 10 | D15: =VLOOKUP($B15,ma!$A:$B,2,0) -> #N/A | K15: 1 | L15: =VLOOKUP($B15,ma!$A:$C,3,0) -> #N/A | M15: =VLOOKUP($B15,ma!$A:$C,3,0) -> #N/A | O15: 45676 | P15: 830000 | Q15: mua đồ
A16: 11 | D16: =VLOOKUP($B16,ma!$A:$B,2,0) -> #N/A | K16: 1 | L16: =VLOOKUP($B16,ma!$A:$C,3,0) -> #N/A | M16: =VLOOKUP($B16,ma!$A:$C,3,0) -> #N/A
A17: 12 | D17: =VLOOKUP($B17,ma!$A:$B,2,0) -> #N/A | K17: 1 | L17: =VLOOKUP($B17,ma!$A:$C,3,0) -> #N/A | M17: =VLOOKUP($B17,ma!$A:$C,3,0) -> #N/A
A18: 13 | D18: =VLOOKUP($B18,ma!$A:$B,2,0) -> #N/A | K18: 1 | L18: =VLOOKUP($B18,ma!$A:$C,3,0) -> #N/A | M18: =VLOOKUP($B18,ma!$A:$C,3,0) -> #N/A
A19: 14 | D19: =VLOOKUP($B19,ma!$A:$B,2,0) -> #N/A | K19: 1 | L19: =VLOOKUP($B19,ma!$A:$C,3,0) -> #N/A | M19: =VLOOKUP($B19,ma!$A:$C,3,0) -> #N/A
A20: 15 | D20: =VLOOKUP($B20,ma!$A:$B,2,0) -> #N/A | K20: 1 | L20: =VLOOKUP($B20,ma!$A:$C,3,0) -> #N/A | M20: =VLOOKUP($B20,ma!$A:$C,3,0) -> #N/A
A21: 16 | D21: =VLOOKUP($B21,ma!$A:$B,2,0) -> #N/A | K21: 1 | L21: =VLOOKUP($B21,ma!$A:$C,3,0) -> #N/A | M21: =VLOOKUP($B21,ma!$A:$C,3,0) -> #N/A
A22: 17 | D22: =VLOOKUP($B22,ma!$A:$B,2,0) -> #N/A | K22: 1 | L22: =VLOOKUP($B22,ma!$A:$C,3,0) -> #N/A | M22: =VLOOKUP($B22,ma!$A:$C,3,0) -> #N/A
A23: 18 | D23: =VLOOKUP($B23,ma!$A:$B,2,0) -> #N/A | K23: 1 | L23: =VLOOKUP($B23,ma!$A:$C,3,0) -> #N/A | M23: =VLOOKUP($B23,ma!$A:$C,3,0) -> #N/A
A24: 19 | D24: =VLOOKUP($B24,ma!$A:$B,2,0) -> #N/A | K24: 1 | L24: =VLOOKUP($B24,ma!$A:$C,3,0) -> #N/A | M24: =VLOOKUP($B24,ma!$A:$C,3,0) -> #N/A
A25: 20 | D25: =VLOOKUP($B25,ma!$A:$B,2,0) -> #N/A | K25: 1 | L25: =VLOOKUP($B25,ma!$A:$C,3,0) -> #N/A | M25: =VLOOKUP($B25,ma!$A:$C,3,0) -> #N/A
A26: 21 | D26: =VLOOKUP($B26,ma!$A:$B,2,0) -> #N/A | K26: 1 | L26: =VLOOKUP($B26,ma!$A:$C,3,0) -> #N/A | M26: =VLOOKUP($B26,ma!$A:$C,3,0) -> #N/A
A27: 22 | D27: =VLOOKUP($B27,ma!$A:$B,2,0) -> #N/A | K27: 1 | L27: =VLOOKUP($B27,ma!$A:$C,3,0) -> #N/A | M27: =VLOOKUP($B27,ma!$A:$C,3,0) -> #N/A
... A37: 32 | D37: =VLOOKUP($B37,ma!$A:$B,2,0) -> #N/A | K37: 1 | L37: =VLOOKUP($B37,ma!$A:$C,3,0) -> #N/A | M37: =VLOOKUP($B37,ma!$A:$C,3,0) -> #N/A
A38: 33 | D38: =VLOOKUP($B38,ma!$A:$B,2,0) -> #N/A | K38: 1 | L38: =VLOOKUP($B38,ma!$A:$C,3,0) -> #N/A | M38: =VLOOKUP($B38,ma!$A:$C,3,0) -> #N/A | P38: =SUM(P6:P37) -> 445110000
A39: 34 | D39: =VLOOKUP($B39,ma!$A:$B,2,0) -> #N/A | K39: 1 | L39: =VLOOKUP($B39,ma!$A:$C,3,0) -> #N/A | M39: =VLOOKUP($B39,ma!$A:$C,3,0) -> #N/A
A40: 35 | D40: =VLOOKUP($B40,ma!$A:$B,2,0) -> #N/A | K40: 1 | L40: =VLOOKUP($B40,ma!$A:$C,3,0) -> #N/A | M40: =VLOOKUP($B40,ma!$A:$C,3,0) -> #N/A | O40: MUA XE | P40: =P38 -> 445110000
A41: 36 | D41: =VLOOKUP($B41,ma!$A:$B,2,0) -> #N/A | K41: 1 | L41: =VLOOKUP($B41,ma!$A:$C,3,0) -> #N/A | M41: =VLOOKUP($B41,ma!$A:$C,3,0) -> #N/A | O41: THUẬN 50% | P41: =P40/2 -> 222555000
A42: 37 | D42: =VLOOKUP($B42,ma!$A:$B,2,0) -> #N/A | K42: 1 | L42: =VLOOKUP($B42,ma!$A:$C,3,0) -> #N/A | M42: =VLOOKUP($B42,ma!$A:$C,3,0) -> #N/A | O42: KIM 50% | P42: =P40/2 -> 222555000
C43: Tổng cộng : | F43: 176.9 | G43: =SUM(G6:G42) -> 0 | I43: =SUM(I6:I42) -> 900000 | K43: 37 | M43: =SUM(M6:M42) -> #N/A
C44: Doanh Thu | D44: 30,100,000
C45: Chi Phí | D45: =G43+I43 -> 900000 | G45: doanh thu 01/2025
C46: Lương | D46: 7,800,000 | G46: 45658
G47: 45689 | H47: 12050000
C48: BHXH | D48: 1,100,000 | G48: 45717 | H48: 13090000
C49: Còn Lại | D49: 12,108,000 | G49: 45748 | H49: 12140000
G50: 45778 | H50: 12270000
G51: 45809 | H51: 13330000
G52: 45839 | H52: 12100000
G53: 45870 | H53: 15850000
G54: 45901 | H54: 12746000
G55: 45931 | H55: 18040000
G56: 45962 | H56: 13100000
G57: 45992
I58: TỔNG : | J58: =SUM(H46:H57) -> 134716000

Sheet 50H-87442
C1: BẢNG KÊ 50H-87442
C2: 45930
C3: Tên : | E3: SỐ XE : | I3: 50H-87442
D4: #N/A | L4: #N/A
A5: STT | B5: Mã | C5: Ngày | D5: Nơi giao | E5: Đổ Dầu | F5: SỐ KM | G5: CẦU ĐƯỜNG | H5: Ghi chú | I5: C.phí c.xe | J5: ghi chú | K5: TÀI | L5: Đơn giá | M5: Thành tiền | O5: 50H-87442 ( 51C-85202 ) mua ngày 26/05/2025
A6: 1 | D6: =VLOOKUP($B6,ma!$A:$B,2,0) -> #N/A | K6: 1 | L6: =VLOOKUP($B6,ma!$A:$C,3,0) -> #N/A | M6: =VLOOKUP($B6,ma!$A:$C,3,0) -> #N/A | O6: NGÀY | P6: SỐ KM | Q6: VẬT TƯ | R6: GIÁ TIỀN | S6: CÔNG THỢ | T6: THÀNH TIỀN | U6: =SUM(U7:U115) -> 316040000 | V6: =U6/2 -> 158020000
A7: 2 | D7: =VLOOKUP($B7,ma!$A:$B,2,0) -> #N/A | K7: 1 | L7: =VLOOKUP($B7,ma!$A:$C,3,0) -> #N/A | M7: =VLOOKUP($B7,ma!$A:$C,3,0) -> #N/A | O7: 45803 | Q7: MUA XE | R7: 295000000 | T7: =SUM(R7:S7) -> 295000000 | U7: =T7 -> 295000000
A8: 3 | D8: =VLOOKUP($B8,ma!$A:$B,2,0) -> #N/A | K8: 1 | L8: =VLOOKUP($B8,ma!$A:$C,3,0) -> #N/A | M8: =VLOOKUP($B8,ma!$A:$C,3,0) -> #N/A | O8: 45803 | Q8: Móc lỗ thùng cột hàng | S8: 600000 | T8: =SUM(R8:S8) -> 600000 | U8: =T8 -> 600000
A9: 4 | D9: =VLOOKUP($B9,ma!$A:$B,2,0) -> #N/A | I9: 900000 | J9: bãi xe lê văn lương | K9: 1 | L9: =VLOOKUP($B9,ma!$A:$C,3,0) -> #N/A | M9: =VLOOKUP($B9,ma!$A:$C,3,0) -> #N/A | Q9: thuế trước bạ | R9: 3145000 | T9: 3150000
A10: 5 | D10: =VLOOKUP($B10,ma!$A:$B,2,0) -> #N/A | K10: 1 | L10: =VLOOKUP($B10,ma!$A:$C,3,0) -> #N/A | M10: =VLOOKUP($B10,ma!$A:$C,3,0) -> #N/A | Q10: Làm giấy tờ | R10: 5000000 | T10: =SUM(R10:S10) -> 5000000
A11: 6 | D11: =VLOOKUP($B11,ma!$A:$B,2,0) -> #N/A | K11: 1 | L11: =VLOOKUP($B11,ma!$A:$C,3,0) -> #N/A | M11: =VLOOKUP($B11,ma!$A:$C,3,0) -> #N/A | P11: menmen | Q11: đóng inox biển số | R11: 500000 | T11: =SUM(R11:S11) -> 500000
A12: 7 | D12: =VLOOKUP($B12,ma!$A:$B,2,0) -> #N/A | K12: 1 | L12: =VLOOKUP($B12,ma!$A:$C,3,0) -> #N/A | M12: =VLOOKUP($B12,ma!$A:$C,3,0) -> #N/A | Q12: xét xe + cò xét xe | R12: 1200000 | T12: =SUM(R12:S12) -> 1200000
A13: 8 | D13: =VLOOKUP($B13,ma!$A:$B,2,0) -> #N/A | K13: 1 | L13: =VLOOKUP($B13,ma!$A:$C,3,0) -> #N/A | M13: =VLOOKUP($B13,ma!$A:$C,3,0) -> #N/A | Q13: gắn định vị | R13: 2420000 | T13: =SUM(R13:S13) -> 2420000
A14: 9 | D14: =VLOOKUP($B14,ma!$A:$B,2,0) -> #N/A | K14: 1 | L14: =VLOOKUP($B14,ma!$A:$C,3,0) -> #N/A | M14: =VLOOKUP($B14,ma!$A:$C,3,0) -> #N/A | Q14: MUA KÈN XE | R14: 400000 | T14: =SUM(R14:S14) -> 400000
A15: 10 | D15: =VLOOKUP($B15,ma!$A:$B,2,0) -> #N/A | K15: 1 | L15: =VLOOKUP($B15,ma!$A:$C,3,0) -> #N/A | M15: =VLOOKUP($B15,ma!$A:$C,3,0) -> #N/A | Q15: Bao tay ,tựa lưng | R15: 600000 | T15: =SUM(R15:S15) -> 600000
A16: 11 | D16: =VLOOKUP($B16,ma!$A:$B,2,0) -> #N/A | K16: 1 | L16: =VLOOKUP($B16,ma!$A:$C,3,0) -> #N/A | M16: =VLOOKUP($B16,ma!$A:$C,3,0) -> #N/A | Q16: PHÙ HIỆU XE | R16: 500000 | T16: =SUM(R16:S16) -> 500000
A17: 12 | D17: =VLOOKUP($B17,ma!$A:$B,2,0) -> #N/A | K17: 1 | L17: =VLOOKUP($B17,ma!$A:$C,3,0) -> #N/A | M17: =VLOOKUP($B17,ma!$A:$C,3,0) -> #N/A | T17: =SUM(T9:T16) -> 13770000 | U17: =T17 -> 13770000
A18: 13 | D18: =VLOOKUP($B18,ma!$A:$B,2,0) -> #N/A | K18: 1 | L18: =VLOOKUP($B18,ma!$A:$C,3,0) -> #N/A | M18: =VLOOKUP($B18,ma!$A:$C,3,0) -> #N/A | O18: 45823 | P18: 50H-87442 | Q18: Thay 6 cúp ben bánh 50*6 | R18: 300000 | T18: =SUM(R18:S18) -> 300000
A19: 14 | D19: =VLOOKUP($B19,ma!$A:$B,2,0) -> #N/A | K19: 1 | L19: =VLOOKUP($B19,ma!$A:$C,3,0) -> #N/A | M19: =VLOOKUP($B19,ma!$A:$C,3,0) -> #N/A | Q19: thay 2 phốt bánh sau 120*2 | R19: 240000 | T19: =SUM(R19:S19) -> 240000
A20: 15 | D20: =VLOOKUP($B20,ma!$A:$B,2,0) -> #N/A | K20: 1 | L20: =VLOOKUP($B20,ma!$A:$C,3,0) -> #N/A | M20: =VLOOKUP($B20,ma!$A:$C,3,0) -> #N/A | Q20: thay bạc đạn bánh sau | R20: 480000 | T20: =SUM(R20:S20) -> 480000
A21: 16 | D21: =VLOOKUP($B21,ma!$A:$B,2,0) -> #N/A | K21: 1 | L21: =VLOOKUP($B21,ma!$A:$C,3,0) -> #N/A | M21: =VLOOKUP($B21,ma!$A:$C,3,0) -> #N/A | Q21: mở bò VÔ BÁNH | R21: 200000 | T21: =SUM(R21:S21) -> 200000
A22: 17 | D22: =VLOOKUP($B22,ma!$A:$B,2,0) -> #N/A | K22: 1 | L22: =VLOOKUP($B22,ma!$A:$C,3,0) -> #N/A | M22: =VLOOKUP($B22,ma!$A:$C,3,0) -> #N/A | Q22: thay lọc nhớt | R22: 160000 | T22: =SUM(R22:S22) -> 160000
A23: 18 | D23: =VLOOKUP($B23,ma!$A:$B,2,0) -> #N/A | K23: 1 | L23: =VLOOKUP($B23,ma!$A:$C,3,0) -> #N/A | M23: =VLOOKUP($B23,ma!$A:$C,3,0) -> #N/A | Q23: thay lọc dầu | R23: 220000 | T23: =SUM(R23:S23) -> 220000
A24: 19 | D24: =VLOOKUP($B24,ma!$A:$B,2,0) -> #N/A | K24: 1 | L24: =VLOOKUP($B24,ma!$A:$C,3,0) -> #N/A | M24: =VLOOKUP($B24,ma!$A:$C,3,0) -> #N/A | Q24: làm ắc cần số + vô nhớt dây số | R24: 300000 | T24: =SUM(R24:S24) -> 300000
A25: 20 | D25: =VLOOKUP($B25,ma!$A:$B,2,0) -> #N/A | K25: 1 | L25: =VLOOKUP($B25,ma!$A:$C,3,0) -> #N/A | M25: =VLOOKUP($B25,ma!$A:$C,3,0) -> #N/A | Q25: công làm | S25: 1300000 | T25: =SUM(R25:S25) -> 1300000
A26: 21 | D26: =VLOOKUP($B26,ma!$A:$B,2,0) -> #N/A | K26: 1 | L26: =VLOOKUP($B26,ma!$A:$C,3,0) -> #N/A | M26: =VLOOKUP($B26,ma!$A:$C,3,0) -> #N/A | Q26: mua nhớt máy 80*9 | R26: 720000 | T26: =SUM(R26:S26) -> 720000
A27: 22 | D27: =VLOOKUP($B27,ma!$A:$B,2,0) -> #N/A | K27: 1 | L27: =VLOOKUP($B27,ma!$A:$C,3,0) -> #N/A | M27: =VLOOKUP($B27,ma!$A:$C,3,0) -> #N/A | Q27: công thợ chỉnh pét dầu | S27: 600000 | T27: =SUM(R27:S27) -> 600000
A28: 23 | D28: =VLOOKUP($B28,ma!$A:$B,2,0) -> #N/A | K28: 1 | L28: =VLOOKUP($B28,ma!$A:$C,3,0) -> #N/A | M28: =VLOOKUP($B28,ma!$A:$C,3,0) -> #N/A | T28: =SUM(T18:T27) -> 4520000 | U28: =T28 -> 4520000
A29: 24 | D29: =VLOOKUP($B29,ma!$A:$B,2,0) -> #N/A | K29: 1 | L29: =VLOOKUP($B29,ma!$A:$C,3,0) -> #N/A | M29: =VLOOKUP($B29,ma!$A:$C,3,0) -> #N/A | O29: 45830 | P29: Hùng gara | Q29: thay chốt chặn cửa | R29: 800000 | T29: =SUM(R29:S29) -> 800000
A30: 25 | D30: =VLOOKUP($B30,ma!$A:$B,2,0) -> #N/A | K30: 1 | L30: =VLOOKUP($B30,ma!$A:$C,3,0) -> #N/A | M30: =VLOOKUP($B30,ma!$A:$C,3,0) -> #N/A | Q30: chỉnh cửa + công lắp | R30: 600000 | S30: 400000 | T30: =SUM(R30:S30) -> 1000000
A31: 26 | D31: =VLOOKUP($B31,ma!$A:$B,2,0) -> #N/A | K31: 1 | L31: =VLOOKUP($B31,ma!$A:$C,3,0) -> #N/A | M31: =VLOOKUP($B31,ma!$A:$C,3,0) -> #N/A | Q31: gắn miếng che | R31: 100000 | T31: =SUM(R31:S31) -> 100000 | U31: =SUM(T29:T31) -> 1900000
A32: 27 | D32: =VLOOKUP($B32,ma!$A:$B,2,0) -> #N/A | K32: 1 | L32: =VLOOKUP($B32,ma!$A:$C,3,0) -> #N/A | M32: =VLOOKUP($B32,ma!$A:$C,3,0) -> #N/A | O32: 45846 | Q32: mua đầu đĩa | R32: 250000 | T32: =SUM(R32:S32) -> 250000 | U32: =T32 -> 250000
A33: 28 | D33: =VLOOKUP($B33,ma!$A:$B,2,0) -> #N/A | K33: 1 | L33: =VLOOKUP($B33,ma!$A:$C,3,0) -> #N/A | M33: =VLOOKUP($B33,ma!$A:$C,3,0) -> #N/A | T33: =SUM(R33:S33) -> 0
A34: 29 | D34: =VLOOKUP($B34,ma!$A:$B,2,0) -> #N/A | K34: 1 | L34: =VLOOKUP($B34,ma!$A:$C,3,0) -> #N/A | M34: =VLOOKUP($B34,ma!$A:$C,3,0) -> #N/A | T34: =SUM(R34:S34) -> 0
A35: 30 | D35: =VLOOKUP($B35,ma!$A:$B,2,0) -> #N/A | K35: 1 | L35: =VLOOKUP($B35,ma!$A:$C,3,0) -> #N/A | M35: =VLOOKUP($B35,ma!$A:$C,3,0) -> #N/A | T35: =SUM(R35:S35) -> 0
A36: 31 | D36: =VLOOKUP($B36,ma!$A:$B,2,0) -> #N/A | K36: 1 | L36: =VLOOKUP($B36,ma!$A:$C,3,0) -> #N/A | M36: =VLOOKUP($B36,ma!$A:$C,3,0) -> #N/A | T36: =SUM(R36:S36) -> 0
A37: 32 | D37: =VLOOKUP($B37,ma!$A:$B,2,0) -> #N/A | K37: 1 | L37: =VLOOKUP($B37,ma!$A:$C,3,0) -> #N/A | M37: =VLOOKUP($B37,ma!$A:$C,3,0) -> #N/A | T37: =SUM(R37:S37) -> 0
C38: Tổng cộng : | F38: 176.9 | G38: =SUM(G6:G37) -> 0 | I38: =SUM(I6:I37) -> 900000 | K38: 32 | M38: =SUM(M6:M37) -> #N/A | P38: =SUM(P6:P37) -> 0 | T38: =SUM(R38:S38) -> 0
C39: Doanh Thu | D39: 25,400,000
C40: Chi Phí | D40: =G38+I38 -> 900000 | G40: doanh thu 01/2025
C41: Lương | D41: 7,800,000 | G41: 45658
G42: 45689
C43: BHXH | D43: 1,100,000 | G43: 45717
C44: Còn Lại | D44: 5,160,000 | G44: 45748
G45: 45778
G46: 45809
G47: 45839 | H47: -1400000
C48: TR | D48: -33618000 | G48: 45870 | H48: 5160000
G49: 45901 | H49: 9800000
G50: 45931 | H50: 12165000
G51: 45962 | H51: 12777000
G52: 45992
I55: TỔNG : | J55: =SUM(H41:H54) -> 38502000
