Workbook

Sheet xe
A1: MA | B1: SỐ XE
A3: B Tâm | B3: 50H-70216
A4: F Y | B4: 50H-55116
A5: Y THANH | B5: 50H-69501
A6: Q HẢI | B6: 50H-64316
A7: N QUỐC | B7: 50H-50999
A8: Ư LỪA | B8: 50E-164,61
A9: V VŨ | B9: 51H -88294
A10: C SƠN | B10: 50H-74619
A11: A LỢI | B11: 50H 87442
A12: W HIẾU | B12: 50H-64470
A13: M HƯNG | B13: 50H-66445
... A31: L11 HẢI | B31: 50H-69717

Sheet ma
A1: MA | B1: TUYEN | C1: OTO 5
A2: NT | B2: NHA TRANG
A3: NHOA | B3: NINH HÒA
A4: CR | B4: CAM RANH
A5: CLANH | B5: CAO LÃNH | C5: 280000
A6: LKX | B6: LONG KHÁNH XÁ | C6: 244000
A7: LKP | B7: LONG KHÁNH PALLET | C7: 244000
A9: AJLH | B9: AJ LONG HẬU | C9: 600000
A10: ndfc | B10: Chuyển Hàng ndfc | C10: 410000
A11: N6 | B11: NDFC 6 CHUYẾN | C11: 300000
A12: calo | B12: Chuyển hàng Calofic | C12: 180000
A13: CL1 | B13: CH Calofic 13c | C13: 140000
A14: clun | B14: CALOFIC - UNI ( xe nhỏ ) | C14: 300000
A15: cluni | B15: CALOFIC - UNI ( xe lớn ) | C15: 400000
A16: CLMXL | B16: COOP LÊ MINH XUÂN ( XE LỚN ) | C16: 200000
A17: UNCLG | B17: UNI - CALOFIC ( CHUYỂN GẠO ) | C17: 100000
... A46: TP2 | B46: TP2 GÒ VẤP | C46: 800000
A47: NL | B47: NGỌC LAN L.AN
A48: THTDH | B48: TÂN HÙNG THÁI ĐỨC HOÀ | C48: 210000
A49: KVBC | B49: KIẾN VƯƠNG BÌNH CHÁNH | C49: 190000
A50: mifa | B50: MIFA TÂN TẠO | C50: 200000
A51: mf | B51: MIFA TÂN TẠO XE NHỎ ( KBX ) | C51: 800000
A52: BP | B52: BÌNH PHƯỚC
A53: BT | B53: BÌNH TRÍ | C53: 212000
A54: BTAY | B54: BÌNH TÂY | C54: 220000
A55: BHCDL | B55: BHX CẦN ĐƯƠC XL | C55: 210000
A56: MKR | B56: MAKARA | C56: 200000
A57: TN | B57: TÂY NINH
A58: VL | B58: PHÔI VIỆT LONG
A59: SD | B59: SA ĐÉC
A60: TNOTX | B60: THỐT NỐT XÁ | C60: 370000
A61: CD | B61: CHÂU ĐỐC
A62: HG | B62: HẬU GAING
A63: HT | B63: HÀ TIÊN
A64: PQ | B64: PHÚ QUỐC
A65: NE3 | B65: NESTLE 3-7 | C65: 442000
A66: NE7 | B66: NESTLE 7-10 | C66: 393000
A67: NE10 | B67: NESTLE >10 | C67: 363000
A68: NDNA | B68: NDFC - NAIC BẾN LỨC | C68: 2400000
A69: NAUN | B69: NAIC -UNI | C69: 1800000
A70: nta | B70: NHẬT TRÚC ANH TRẢNG BOM | C70: 240000
A71: TCLA | B71: TRUE CARE LONG AN | C71: 220000
A72: QXT | B72: QUANG XUÂN TRƯỜNG P.GIÁO | C72: 230000
A73: GHTGP | B73: GIA HOÀNG TIỀN GIANG PALLET | C73: 230000
A74: GHTGX | B74: GIA HOÀNG TIỀN GIANG XÁ | C74: 230000
A75: KVVL | B75: KIÊN VƯƠNG VĨNH LONG | C75: 260000
A76: LXUN | B76: LONG XUYÊN - UNI | C76: 200000
... A106: AH | B106: AH THUẬN AN | C106: 900000
A107: AMI | B107: AMIGO ĐỨC HOÀ ( K BX ) | C107: 900000 | D107: KHÔNG BỐC XẾP
A108: AJNO | B108: AJNOMOTO L.THÀNH | C108: 1000000
A109: ABC | B109: ABC BACKERRY Q6 | C109: 800000
A110: aa | B110: Á ÂU BT | C110: 800000
A111: ACE | B111: ACECOOK TÂN PHÚ | C111: 800000
A112: AT | B112: ÂN THÁI LTK Q10 | C112: 800000
A113: AG | B113: AGIFISH TÂN BÌNH | C113: 800000
A114: agr | B114: Agrex SG | C114: 800000 | D114: KHÔNG BỐC XẾP
A115: APIS | B115: APIS ( KBX ) | C115: 800000
A116: API | B116: APIS TRÃ TANK ( KBX ) | C116: 400000
A117: abY | B117: ABY SHOP GÒ VẤP | C117: 800000
A118: ANBS | B118: ANBS TÂN PHÚ | C118: 800000
A119: ASIA | B119: ASIASHINE | C119: 800000
A120: AF | B120: ANFOOD Q12 ( K BX ) | C120: 800000 | D120: KHÔNG BỐC XẾP
A121: AMER | B121: AMERICA HERITAGE | C121: 900000
A122: AVK | B122: AVAKID | C122: 800000
A124: BIVY | B124: BIVY BÌNH CHÁNH | C124: 800000
A125: BIBI | B125: BIBICA MIỀN TÂY ( KBX ) 1 | C125: 900000 | D125: KHÔNG BỐC XẾP
A126: btay | B126: Bình Tây - Quận 7 ( KBX ) | C126: 800000 | D126: KHÔNG BỐC XẾP
A127: BLONG | B127: BẢO LONG | C127: 800000
A128: BBBH | B128: BIBICA BIÊN HOÀ ( KBX ) 1 | C128: 900000 | D128: KHÔNG BỐC XẾP
A129: BF | B129: BEST FOOD | C129: 900000
A130: BTRI | B130: BÌNH TRÍ-LONG AN | C130: 900000
A131: IFH | B131: IFH TÂN UYÊN | C131: 1000000
A132: BV | B132: BÁNH VÀNG HIỆP PHƯỚC | C132: 400000 | D132: CÓ BX
A133: BCD | B133: BÉ CẦN ĐƯỚC ( K BX ) DI AN 1 | C133: 900000 | D133: KHÔNG BỐC XẾP
A134: BDBM | B134: BINH DƯƠNG BRANCH MAXIDI ( KBX ) 1 | C134: 900000
A136: cnhl | B136: CÁ NGỪ HẠ LONG | C136: 800000
A137: CTT | B137: CHÂU TRƯỜNG THỊNH | C137: 800000
A138: CH207 | B138: CH 207 | C138: 800000
A139: CC | B139: CON CƯNG BÌNH DƯƠNG | C139: 900000
A140: CP | B140: CỔ PHẦN TRANG NHÀ BÈ | C140: 800000
A141: CH | B141: CÁT HẢI LONG HẬU | C141: 800000
A142: casa | B142: Casabella - Q7 | C142: 800000
A143: CLm | B143: CHOLIMEX VĨNH LỘC ( K BX ) | C143: 800000 | D143: KHÔNG BỐC XẾP
A144: clmla | B144: CHOLIMEX LONG AN ( K BX ) | C144: 900000 | D144: KHÔNG BỐC XẾP
A145: clmbc | B145: CHOLIMEX BINH CHÁNH ( KBX ) | C145: 800000
A146: CHCL | B146: CẨM HƯƠNG CHƠ LỚN ( K BX ) | C146: 800000 | D146: KHÔNG BỐC XẾP
A147: CMC | B147: CHERMICAL ĐỨC HOÀ | C147: 900000
A148: CFPV | B148: CAFE PHƯƠNG VY TÂN UYÊN | C148: 1000000
A149: clvlh | B149: CLV LONG HẬU ( K BX ) | C149: 400000
A150: CTYS | B150: CTY SUPREME ( KBX ) | C150: 1100000
A151: CTSP | B151: CTY SAPA | C151: 900000
A152: CKSCL | B152: CKS - CÁI LÂN | C152: 800000
A153: CKSQ8 | B153: CKS - QUẬN 8 | C153: 800000
A154: TLV | B154: TÂN LÚA VÀNG ( KBX ) | C154: 800000
A156: 3KSH | B156: 3KS H.T.PHÁT ( K BX ) | C156: 700000
A157: 3ksd | B157: 3KS ĐỨC HOÀ | C157: 1000000
A158: 3KSDA | B158: 3ks DĨ AN ( K BX ) | C158: 900000
A159: 3KSTP | B159: 3KS TÂN PHÚ ( K BX ) | C159: 900000
... A174: DNG | B174: ĐẠT NGỌC | C174: 800000
A175: DLVN | B175: ĐÔNG LIM VINA L.THÀNH ( KBX ) | C175: 900000 | D175: K BỐC XẾP
...

Sheet XE NHỎ
D1: CÔNG TNHH DV VT PHÚ PHÁT
D2: 165 Đỗ Thị Lời, P11, Q3, TP. HCM.
D3: CÔNG TNHH DV VT PHÚ PHÁT
D4: 46141 | Q4: LƯU
D5: Tên : | J5: Số xe :
K6: P | P6: #N/A
A7: F | B7: TÊN | D7: Ngày | E7: Số xe | F7: Nơi giao | H7: Cđường | I7: Cđường | J7: ghi chú | K7: TẤN | L7: B.XẾP | M7: C.phí | N7: ghi chú | O7: TÀI | P7: Đơn giá | Q7: Thành tiền
A8: 1 | B8: em | C8: F Y | D8: 46174 | E8: =VLOOKUP($C8,xe!$A:$B,2,0) -> 50H-55116 | F8: =VLOOKUP($B8,ma!$A:$B,2,0) -> E MART P.V.TRỊ | G8: 10594 | H8: 2/6 | J8: UNI | K8: 1.2 | L8: =K8*100000 -> 120000 | O8: 1 | P8: =VLOOKUP($B8,ma!$A:$C,3,0) -> 800000 | Q8: 880000 | R8: 0.1
A9: =A8+1 -> 2 | B9: em | C9: N QUỐC | D9: 46174 | E9: =VLOOKUP($C9,xe!$A:$B,2,0) -> 50H-50999 | F9: =VLOOKUP($B9,ma!$A:$B,2,0) -> E MART P.V.TRỊ | G9: 10596+10595 | H9: 2/6 | J9: UNI | K9: 1.2 | L9: =K9*100000 -> 120000 | O9: 1 | P9: =VLOOKUP($B9,ma!$A:$C,3,0) -> 800000 | Q9: 880000 | R9: 0.1
A10: =A9+1 -> 3 | B10: em | C10: W HIẾU | D10: 46174 | E10: =VLOOKUP($C10,xe!$A:$B,2,0) -> 50H-64470 | F10: =VLOOKUP($B10,ma!$A:$B,2,0) -> E MART P.V.TRỊ | G10: 10597 | H10: 2/6 | J10: UNI | K10: 1.2 | L10: =K10*100000 -> 120000 | O10: 1 | P10: =VLOOKUP($B10,ma!$A:$C,3,0) -> 800000 | Q10: 880000 | R10: 0.1
A11: =A10+1 -> 4 | B11: kfc | C11: V VŨ | D11: 46174 | E11: =VLOOKUP($C11,xe!$A:$B,2,0) -> 51H -88294 | F11: =VLOOKUP($B11,ma!$A:$B,2,0) -> KFC GÒ VẤP ( K BX ) | G11: 88767 | H11: 2/6 | J11: NDFC | K11: 2 | L11: 150000 | O11: 1 | P11: =VLOOKUP($B11,ma!$A:$C,3,0) -> 800000 | Q11: 880000 | R11: 0.1
A12: =A11+1 -> 5 | B12: kfc | C12: Y THANH | D12: 46174 | E12: =VLOOKUP($C12,xe!$A:$B,2,0) -> 50H-69501 | F12: =VLOOKUP($B12,ma!$A:$B,2,0) -> KFC GÒ VẤP ( K BX ) | G12: 88772 | H12: 2/6 | J12: NDFC | K12: 2 | L12: 150000 | O12: 1 | P12: =VLOOKUP($B12,ma!$A:$C,3,0) -> 800000 | Q12: 880000 | R12: 0.1
A13: =A12+1 -> 6 | B13: kfc | C13: Q HẢI | D13: 46174 | E13: =VLOOKUP($C13,xe!$A:$B,2,0) -> 50H-64316 | F13: =VLOOKUP($B13,ma!$A:$B,2,0) -> KFC GÒ VẤP ( K BX ) | G13: 88757 | H13: 2/6 | J13: NDFC | K13: 2 | L13: 150000 | O13: 1 | P13: =VLOOKUP($B13,ma!$A:$C,3,0) -> 800000 | Q13: 880000 | R13: 0.1
A14: =A13+1 -> 7 | B14: kfc | C14: T ANH | D14: 46174 | E14: =VLOOKUP($C14,xe!$A:$B,2,0) -> 50H-54580 | F14: =VLOOKUP($B14,ma!$A:$B,2,0) -> KFC GÒ VẤP ( K BX ) | G14: 88770 | H14: 2/6 | J14: NDFC | K14: 2 | L14: 150000 | O14: 1 | P14: =VLOOKUP($B14,ma!$A:$C,3,0) -> 800000 | Q14: 880000 | R14: 0.1
A15: =A14+1 -> 8 | B15: kfc | C15: M HƯNG | D15: 46174 | E15: =VLOOKUP($C15,xe!$A:$B,2,0) -> 50H-66445 | F15: =VLOOKUP($B15,ma!$A:$B,2,0) -> KFC GÒ VẤP ( K BX ) | G15: 88761 | H15: 2/6 | J15: NDFC | K15: 2 | L15: 150000 | O15: 1 | P15: =VLOOKUP($B15,ma!$A:$C,3,0) -> 800000 | Q15: 880000 | R15: 0.1
A16: =A15+1 -> 9 | B16: af | C16: A DUNG | D16: 46174 | E16: =VLOOKUP($C16,xe!$A:$B,2,0) -> #N/A | F16: =VLOOKUP($B16,ma!$A:$B,2,0) -> ANFOOD Q12 ( K BX ) | G16: 88702 | H16: 2/6 | K16: 2 | O16: 1 | P16: =VLOOKUP($B16,ma!$A:$C,3,0) -> 800000 | Q16: 880000 | R16: 0.1
A17: =A16+1 -> 10 | B17: af | C17: Z | D17: 46174 | E17: =VLOOKUP($C17,xe!$A:$B,2,0) -> #N/A | F17: =VLOOKUP($B17,ma!$A:$B,2,0) -> ANFOOD Q12 ( K BX ) | G17: 10600+88787 | H17: 2/6 | K17: 2 | O17: 1 | P17: =VLOOKUP($B17,ma!$A:$C,3,0) -> 800000 | Q17: 880000 | R17: 0.1
A18: =A17+1 -> 11 | B18: sht | C18: THUẬN | D18: 46174 | E18: =VLOOKUP($C18,xe!$A:$B,2,0) -> #N/A | F18: =VLOOKUP($B18,ma!$A:$B,2,0) -> SONG HỒNG TÂN ( KBX ) | G18: 88766 | H18: 4/6 | J18: MCC | K18: 1 | O18: 1 | P18: =VLOOKUP($B18,ma!$A:$C,3,0) -> 900000 | Q18: 990000 | R18: 0.1
A19: =A18+1 -> 12 | B19: tp2 | C19: E1 | D19: 46174 | E19: =VLOOKUP($C19,xe!$A:$B,2,0) -> #N/A | F19: =VLOOKUP($B19,ma!$A:$B,2,0) -> TP2 GÒ VẤP | G19: 7382 | H19: 2/6 | J19: XUẤT UNI | O19: 1 | P19: =VLOOKUP($B19,ma!$A:$C,3,0) -> 800000 | Q19: 880000 | R19: 0.1
A20: =A19+1 -> 13 | B20: tp2 | C20: Y1 | D20: 46174 | E20: =VLOOKUP($C20,xe!$A:$B,2,0) -> #N/A | F20: =VLOOKUP($B20,ma!$A:$B,2,0) -> TP2 GÒ VẤP | G20: 7391 | H20: 2/6 | J20: XUẤT UNI | O20: 1 | P20: =VLOOKUP($B20,ma!$A:$C,3,0) -> 800000 | Q20: 880000 | R20: 0.1
A21: =A20+1 -> 14 | B21: tp2 | C21: U THANH | D21: 46174 | E21: =VLOOKUP($C21,xe!$A:$B,2,0) -> #N/A | F21: =VLOOKUP($B21,ma!$A:$B,2,0) -> TP2 GÒ VẤP | G21: 7389 | H21: 2/6 | J21: XUẤT UNI | O21: 1 | P21: =VLOOKUP($B21,ma!$A:$C,3,0) -> 800000 | Q21: 880000 | R21: 0.1
A22: =A21+1 -> 15 | B22: tp2 | C22: I THI | D22: 46174 | E22: =VLOOKUP($C22,xe!$A:$B,2,0) -> #N/A | F22: =VLOOKUP($B22,ma!$A:$B,2,0) -> TP2 GÒ VẤP | G22: 7379 | H22: 2/6 | J22: XUẤT UNI | O22: 1 | P22: =VLOOKUP($B22,ma!$A:$C,3,0) -> 800000 | Q22: 880000 | R22: 0.1
A23: =A22+1 -> 16 | B23: tp2 | C23: P VŨ | D23: 46174 | E23: =VLOOKUP($C23,xe!$A:$B,2,0) -> #N/A | F23: =VLOOKUP($B23,ma!$A:$B,2,0) -> TP2 GÒ VẤP | G23: 7386 | H23: 5/6 | J23: XUẤT UNI | O23: 1 | P23: =VLOOKUP($B23,ma!$A:$C,3,0) -> 800000 | Q23: 880000 | R23: 0.1
A24: =A23+1 -> 17 | B24: dpqt | C24: E | D24: 46174 | E24: =VLOOKUP($C24,xe!$A:$B,2,0) -> #N/A | F24: =VLOOKUP($B24,ma!$A:$B,2,0) -> DƯỢC PHẨM QUỐC TẾ ( KBX ) | G24: 88777 | H24: 5/6 | K24: 1.6 | O24: 1 | P24: =VLOOKUP($B24,ma!$A:$C,3,0) -> 800000 | Q24: 880000 | R24: 0.1
A25: =A24+1 -> 18 | B25: dpqt | C25: X1 | D25: 46174 | E25: =VLOOKUP($C25,xe!$A:$B,2,0) -> #N/A | F25: =VLOOKUP($B25,ma!$A:$B,2,0) -> DƯỢC PHẨM QUỐC TẾ ( KBX ) | G25: 88779 | H25: 5/6 | K25: 1.6 | O25: 1 | P25: =VLOOKUP($B25,ma!$A:$C,3,0) -> 800000 | Q25: 880000 | R25: 0.1
A26: =A25+1 -> 19 | B26: dpqt | C26: C SƠN | D26: 46174 | E26: =VLOOKUP($C26,xe!$A:$B,2,0) -> 50H-74619 | F26: =VLOOKUP($B26,ma!$A:$B,2,0) -> DƯỢC PHẨM QUỐC TẾ ( KBX ) | G26: 88775 | H26: 5/6 | K26: 1.8 | L26: 50000 | O26: 1 | P26: =VLOOKUP($B26,ma!$A:$C,3,0) -> 800000 | Q26: 880000 | R26: 0.1
A27: =A26+1 -> 20 | B27: ssg | C27: thuận | D27: 46174 | E27: =VLOOKUP($C27,xe!$A:$B,2,0) -> #N/A | F27: =VLOOKUP($B27,ma!$A:$B,2,0) -> SATRA SÀI GÒN | G27: 89022 | H27: 4/6 | K27: 1 | L27: =K27*50000 -> 50000 | O27: 1 | P27: =VLOOKUP($B27,ma!$A:$C,3,0) -> 800000 | Q27: 880000 | R27: 0.1
A28: =A27+1 -> 21 | B28: bcmd | C28: LONG | D28: 46174 | E28: =VLOOKUP($C28,xe!$A:$B,2,0) -> 50H-55443 | F28: =VLOOKUP($B28,ma!$A:$B,2,0) -> BC MIỀN ĐÔNG | G28: 88773+88774+11000+10599 | H28: 2/6 | K28: 2 | L28: =K28*50000 -> 100000 | O28: 1 | P28: =VLOOKUP($B28,ma!$A:$C,3,0) -> 800000 | Q28: 880000 | R28: 0.1
A29: =A28+1 -> 22 | B29: ntru | C29: A LỢI | D29: 46174 | E29: =VLOOKUP($C29,xe!$A:$B,2,0) -> 50H 87442 | F29: =VLOOKUP($B29,ma!$A:$B,2,0) -> NGUYỄN TRƯƠNG | G29: 88710 | H29: 2/6 | K29: 1.2 | L29: =K29*50000 -> 60000 | O29: 1 | P29: =VLOOKUP($B29,ma!$A:$C,3,0) -> 800000 | Q29: 880000 | R29: 0.1
A30: =A29+1 -> 23 | B30: ha | C30: O VƯƠNG | D30: 46174 | E30: =VLOOKUP($C30,xe!$A:$B,2,0) -> 50H-63174 | F30: =VLOOKUP($B30,ma!$A:$B,2,0) -> HỒNG Á ( K BX ) | G30: 88704 | H30: 2/6 | L30: 50000 | O30: 1 | P30: =VLOOKUP($B30,ma!$A:$C,3,0) -> 800000 | Q30: 880000 | R30: 0.1
A31: =A30+1 -> 24 | B31: spm | C31: Ư LỪA | D31: 46174 | E31: =VLOOKUP($C31,xe!$A:$B,2,0) -> 50E-164,61 | F31: =VLOOKUP($B31,ma!$A:$B,2,0) -> SPM TÂN TẠO | G31: 88719 | H31: 2/6 | K31: 1.8 | L31: =K31*50000 -> 90000 | O31: 1 | P31: =VLOOKUP($B31,ma!$A:$C,3,0) -> 800000 | Q31: 880000 | R31: 0.1
A32: =A31+1 -> 25 | B32: vhq8 | C32: B TÂM | D32: 46174 | E32: =VLOOKUP($C32,xe!$A:$B,2,0) -> 50H-70216 | F32: =VLOOKUP($B32,ma!$A:$B,2,0) -> VĂN HẬU Q8 ( K BX ) | G32: R | H32: R | K32: 2.2 | L32: 50000 | O32: 1 | P32: =VLOOKUP($B32,ma!$A:$C,3,0) -> 800000 | Q32: 880000 | R32: 0.1
A33: =A32+1 -> 26 | B33: agr | C33: R THI | D33: 46174 | E33: =VLOOKUP($C33,xe!$A:$B,2,0) -> 50H-55161 | F33: =VLOOKUP($B33,ma!$A:$B,2,0) -> Agrex SG | G33: 88944 | H33: 2/6 | K33: 1.6 | L33: =K33*50000 -> 80000 | O33: 1 | P33: =VLOOKUP($B33,ma!$A:$C,3,0) -> 800000 | Q33: 880000 | R33: 0.1
A34: =A33+1 -> 27 | B34: agr | C34: R THI | D34: 46174 | E34: =VLOOKUP($C34,xe!$A:$B,2,0) -> 50H-55161 | F34: =VLOOKUP($B34,ma!$A:$B,2,0) -> Agrex SG | G34: 88706 | H34: 2/6 | K34: 1.6 | L34: =K34*50000 -> 80000 | O34: 1 | P34: =VLOOKUP($B34,ma!$A:$C,3,0) -> 800000 | Q34: 880000 | R34: 0.1
A35: =A34+1 -> 28 | B35: vnhp | C35: ư lừa | D35: 46174 | E35: =VLOOKUP($C35,xe!$A:$B,2,0) -> 50E-164,61 | F35: =VLOOKUP($B35,ma!$A:$B,2,0) -> VỊ NGỌT HAPPY ( K BX ) | G35: 88948 | H35: 2/6 | K35: 1.2 | L35: 50000 | O35: 1 | P35: =VLOOKUP($B35,ma!$A:$C,3,0) -> 800000 | Q35: 880000 | R35: 0.1
A36: =A35+1 -> 29 | B36: vnhp | C36: a lợi | D36: 46174 | E36: =VLOOKUP($C36,xe!$A:$B,2,0) -> 50H 87442 | F36: =VLOOKUP($B36,ma!$A:$B,2,0) -> VỊ NGỌT HAPPY ( K BX ) | G36: 88947 | H36: 2/6 | K36: 1.2 | L36: 50000 | O36: 1 | P36: =VLOOKUP($B36,ma!$A:$C,3,0) -> 800000 | Q36: 880000 | R36: 0.1
A37: =A36+1 -> 30 | B37: bnb | C37: O VƯƠNG | D37: 46174 | E37: =VLOOKUP($C37,xe!$A:$B,2,0) -> 50H-63174 | F37: =VLOOKUP($B37,ma!$A:$B,2,0) -> BHX NHÀ BÈ | G37: 88892+88905 | H37: 2/6 | J37: NDFC | K37: 1.8 | L37: 180000 | O37: 1 | P37: =VLOOKUP($B37,ma!$A:$C,3,0) -> 400000 | Q37: 440000 | R37: 0.1
A38: =A37+1 -> 31 | B38: bnb | C38: b tâm | D38: 46174 | E38: =VLOOKUP($C38,xe!$A:$B,2,0) -> 50H-70216 | F38: =VLOOKUP($B38,ma!$A:$B,2,0) -> BHX NHÀ BÈ | G38: 89023 | H38: 4/6 | K38: 1.8 | L38: 180000 | O38: 1 | P38: =VLOOKUP($B38,ma!$A:$C,3,0) -> 400000 | Q38: 440000 | R38: 0.1
A39: =A38+1 -> 32 | B39: bnb | C39: t anh | D39: 46174 | E39: =VLOOKUP($C39,xe!$A:$B,2,0) -> 50H-54580 | F39: =VLOOKUP($B39,ma!$A:$B,2,0) -> BHX NHÀ BÈ | G39: 89026 | H39: 4/6 | K39: 1.8 | L39: 180000 | O39: 1 | P39: =VLOOKUP($B39,ma!$A:$C,3,0) -> 400000 | Q39: 440000 | R39: 0.1
A40: 1 | B40: ATP | C40: X1 | D40: 46175 | E40: =VLOOKUP($C40,xe!$A:$B,2,0) -> #N/A | F40: =VLOOKUP($B40,ma!$A:$B,2,0) -> AEON TÂN PHÚ | G40: 10680+89233+89240+89235+89236 | H40: 4/6 | J40: UNI | K40: 1.8 | L40: =K40*50000 -> 90000 | O40: 1 | P40: =VLOOKUP($B40,ma!$A:$C,3,0) -> 800000 | Q40: 880000 | R40: 0.1
A41: =A40+1 -> 2 | B41: ATP | C41: Y1 | D41: 46175 | E41: =VLOOKUP($C41,xe!$A:$B,2,0) -> #N/A | F41: =VLOOKUP($B41,ma!$A:$B,2,0) -> AEON TÂN PHÚ | G41: 89218+11081+11085+89220+89222 | H41: 4/6 | J41: UNI | K41: 1.8 | L41: =K41*50000 -> 90000 | O41: 1 | P41: =VLOOKUP($B41,ma!$A:$C,3,0) -> 800000 | Q41: 880000 | R41: 0.1
A42: =A41+1 -> 3 | B42: ATP | C42: U THANH | D42: 46175 | E42: =VLOOKUP($C42,xe!$A:$B,2,0) -> #N/A | F42: =VLOOKUP($B42,ma!$A:$B,2,0) -> AEON TÂN PHÚ | G42: 89216+89213 | H42: 4/6 | J42: UNI | K42: 1.8 | L42: =K42*50000 -> 90000 | O42: 1 | P42: =VLOOKUP($B42,ma!$A:$C,3,0) -> 800000 | Q42: 880000 | R42: 0.1
A43: =A42+1 -> 4 | B43: ATP | C43: F Y | D43: 46175 | E43: =VLOOKUP($C43,xe!$A:$B,2,0) -> 50H-55116 | F43: =VLOOKUP($B43,ma!$A:$B,2,0) -> AEON TÂN PHÚ | G43: 89211 | H43: 4/6 | J43: UNI | K43: 1.8 | L43: =K43*50000 -> 90000 | O43: 1 | P43: =VLOOKUP($B43,ma!$A:$C,3,0) -> 800000 | Q43: 880000 | R43: 0.1
A44: =A43+1 -> 5 | B44: NVH | C44: E1 | D44: 46175 | E44: =VLOOKUP($C44,xe!$A:$B,2,0) -> #N/A | F44: =VLOOKUP($B44,ma!$A:$B,2,0) -> NAM VIỆT ĐỖ H.MÔN ( K BX) | G44: 11144 | H44: 8/6 | J44: UNI | K44: 2 | O44: 1 | P44: =VLOOKUP($B44,ma!$A:$C,3,0) -> 800000 | Q44: 880000 | R44: 0.1
A45: =A44+1 -> 6 | B45: SENV | C45: Z | D45: 46175 | E45: =VLOOKUP($C45,xe!$A:$B,2,0) -> #N/A | F45: =VLOOKUP($B45,ma!$A:$B,2,0) -> SEN VIỆT ( K BX ) | G45: 10687 | H45: 5/6 | J45: GẠO UNI | K45: 2 | O45: 1 | P45: =VLOOKUP($B45,ma!$A:$C,3,0) -> 800000 | Q45: 880000 | R45: 0.1
A46: =A45+1 -> 7 | B46: SENV | C46: A DUNG | D46: 46175 | E46: =VLOOKUP($C46,xe!$A:$B,2,0) -> #N/A | F46: =VLOOKUP($B46,ma!$A:$B,2,0) -> SEN VIỆT ( K BX ) | G46: 10689 | H46: 5/6 | J46: GẠO UNI | K46: 2 | O46: 1 | P46: =VLOOKUP($B46,ma!$A:$C,3,0) -> 800000 | Q46: 880000 | R46: 0.1
A47: =A46+1 -> 8 | B47: SENV | C47: P VŨ | D47: 46175 | E47: =VLOOKUP($C47,xe!$A:$B,2,0) -> #N/A | F47: =VLOOKUP($B47,ma!$A:$B,2,0) -> SEN VIỆT ( K BX ) | G47: 10690 | H47: 5/6 | J47: GẠO UNI | K47: 2 | O47: 1 | P47: =VLOOKUP($B47,ma!$A:$C,3,0) -> 800000 | Q47: 880000 | R47: 0.1
A48: =A47+1 -> 9 | B48: MTHP | C48: t anh | D48: 46175 | E48: =VLOOKUP($C48,xe!$A:$B,2,0) -> 50H-54580 | F48: =VLOOKUP($B48,ma!$A:$B,2,0) -> M. HIỆP PHÚ | G48: pgh | H48: 4/6 | J48: GẠO UNI | K48: 2 | L48: =K48*50000 -> 100000 | O48: 1 | P48: =VLOOKUP($B48,ma!$A:$C,3,0) -> 800000 | Q48: 880000 | R48: 0.1
A49: =A48+1 -> 10 | B49: MTbp | C49: Q HẢI | D49: 46175 | E49: =VLOOKUP($C49,xe!$A:$B,2,0) -> 50H-64316 | F49: =VLOOKUP($B49,ma!$A:$B,2,0) -> M. BÌNH PHÚ | G49: 89485+89489+89491+89493+89495+89482+89484+89479 | H49: 4/6 | K49: 1.8 | L49: =K49*50000 -> 90000 | O49: 1 | P49: =VLOOKUP($B49,ma!$A:$C,3,0) -> 800000 | Q49: 880000 | R49: 0.1
A50: =A49+1 -> 11 | B50: BCAL | C50: R THI | D50: 46175 | E50: =VLOOKUP($C50,xe!$A:$B,2,0) -> 50H-55161 | F50: =VLOOKUP($B50,ma!$A:$B,2,0) -> BIG C AN LAC | G50: 10709+89439+89436+89437+89440 | H50: 4/6 | K50: 1.6 | L50: =K50*50000 -> 80000 | O50: 1 | P50: =VLOOKUP($B50,ma!$A:$C,3,0) -> 800000 | Q50: 880000 | R50: 0.1
A51: =A50+1 -> 12 | B51: BCAL | C51: O VƯƠNG | D51: 46175 | E51: =VLOOKUP($C51,xe!$A:$B,2,0) -> 50H-63174 | F51: =VLOOKUP($B51,ma!$A:$B,2,0) -> BIG C AN LAC | G51: 89302+89294 | H51: 4/6 | K51: 1.8 | L51: =K51*50000 -> 90000 | O51: 1 | P51: =VLOOKUP($B51,ma!$A:$C,3,0) -> 800000 | Q51: 880000 | R51: 0.1
A52: =A51+1 -> 13 | B52: BCAL | C52: a lợi | D52: 46175 | E52: =VLOOKUP($C52,xe!$A:$B,2,0) -> 50H 87442 | F52: =VLOOKUP($B52,ma!$A:$B,2,0) -> BIG C AN LAC | G52: 89322+89312+89304+89321+89307+13382+13381 | H52: 4/6 | J52: MCC + NDFC | K52: 1.6 | L52: =K52*50000 -> 80000 | O52: 1 | P52: =VLOOKUP($B52,ma!$A:$C,3,0) -> 800000 | Q52: 880000 | R52: 0.1
A53: =A52+1 -> 14 | B53: SSG | C53: W HIẾU | D53: 46175 | E53: =VLOOKUP($C53,xe!$A:$B,2,0) -> 50H-64470 | F53: =VLOOKUP($B53,ma!$A:$B,2,0) -> SATRA SÀI GÒN | G53: 89238 | H53: 4/6 | K53: 1.2 | L53: =K53*50000 -> 60000 | O53: 1 | P53: =VLOOKUP($B53,ma!$A:$C,3,0) -> 800000 | Q53: 880000 | R53: 0.1
A54: =A53+1 -> 15 | B54: STVT | C54: I THI | D54: 46175 | E54: =VLOOKUP($C54,xe!$A:$B,2,0) -> #N/A | F54: =VLOOKUP($B54,ma!$A:$B,2,0) -> SATRA VIETTEL | G54: 89326+89325+89324 | H54: 8/6 | L54: =K54*50000 -> 0 | O54: 1 | P54: =VLOOKUP($B54,ma!$A:$C,3,0) -> 800000 | Q54: 880000 | R54: 0.1
A55: =A54+1 -> 16 | B55: VNHP | C55: LONG | D55: 46175 | E55: =VLOOKUP($C55,xe!$A:$B,2,0) -> 50H-55443 | F55: =VLOOKUP($B55,ma!$A:$B,2,0) -> VỊ NGỌT HAPPY ( K BX ) | G55: 89338 | H55: 4/6 | K55: 2.2 | L55: 50000 | O55: 1 | P55: =VLOOKUP($B55,ma!$A:$C,3,0) -> 800000 | Q55: 880000 | R55: 0.1
A56: =A55+1 -> 17 | B56: VNHP | C56: Y THANH | D56: 46175 | E56: =VLOOKUP($C56,xe!$A:$B,2,0) -> 50H-69501 | F56: =VLOOKUP($B56,ma!$A:$B,2,0) -> VỊ NGỌT HAPPY ( K BX ) | G56: 11105+89334 | H56: 4/6 | K56: 2.2 | L56: 50000 | O56: 1 | P56: =VLOOKUP($B56,ma!$A:$C,3,0) -> 800000 | Q56: 880000 | R56: 0.1
A57: =A56+1 -> 18 | B57: VNHP | C57: M HƯNG | D57: 46175 | E57: =VLOOKUP($C57,xe!$A:$B,2,0) -> 50H-66445 | F57: =VLOOKUP($B57,ma!$A:$B,2,0) -> VỊ NGỌT HAPPY ( K BX ) | G57: 89232 | H57: 4/6 | K57: 2.2 | L57: 50000 | O57: 1 | P57: =VLOOKUP($B57,ma!$A:$C,3,0) -> 800000 | Q57: 880000 | R57: 0.1
A58: =A57+1 -> 19 | B58: NTRU | C58: b tâm | D58: 46175 | E58: =VLOOKUP($C58,xe!$A:$B,2,0) -> 50H-70216 | F58: =VLOOKUP($B58,ma!$A:$B,2,0) -> NGUYỄN TRƯƠNG | G58: 89244 | H58: 4/6 | K58: 1.2 | L58: =K58*50000 -> 60000 | O58: 1 | P58: =VLOOKUP($B58,ma!$A:$C,3,0) -> 800000 | Q58: 880000 | R58: 0.1
A59: =A58+1 -> 20 | B59: MNVT | C59: Ư lừa | D59: 46175 | E59: =VLOOKUP($C59,xe!$A:$B,2,0) -> 50E-164,61 | F59: =VLOOKUP($B59,ma!$A:$B,2,0) -> MN VĨNH THẠNH | G59: 89333+11103 | H59: 4/6 | J59: 50H 50999 SX | K59: 2.4 | L59: =K59*50000 -> 120000 | O59: 1 | P59: =VLOOKUP($B59,ma!$A:$C,3,0) -> 800000 | Q59: 1460000 | R59: 0.1
A60: =A59+1 -> 21 | B60: HUB | C60: N QUỐC | D60: 46175 | E60: =VLOOKUP($C60,xe!$A:$B,2,0) -> 50H-50999 | F60: =VLOOKUP($B60,ma!$A:$B,2,0) -> HUBCAKE | G60: 89361+89363+11117+89358 | H60: 4/6 | J60: SX 50E 164,61 | K60: 1 | L60: =K60*50000 -> 50000 | O60: 1 | P60: =VLOOKUP($B60,ma!$A:$C,3,0) -> 800000 | Q60: 300000 | R60: 0.1
A61: =A60+1 -> 22 | B61: LTAN | C61: C SƠN | D61: 46175 | E61: =VLOOKUP($C61,xe!$A:$B,2,0) -> 50H-74619 | F61: =VLOOKUP($B61,ma!$A:$B,2,0) -> LAM TÂN T.ĐỨC ( K BX) | G61: 89247 | H61: 5/6 | K61: 1.4 | L61: 50000 | O61: 1 | P61: =VLOOKUP($B61,ma!$A:$C,3,0) -> 800000 | Q61: 880000 | R61: 0.1
A62: =A61+1 -> 23 | B62: CLMBC | C62: N QUỐC | D62: 46175 | E62: =VLOOKUP($C62,xe!$A:$B,2,0) -> 50H-50999 | F62: =VLOOKUP($B62,ma!$A:$B,2,0) -> CHOLIMEX BINH CHÁNH ( KBX ) | G62: 89446 | H62: 4/6 | K62: 1.6 | L62: 50000 | O62: 1 | P62: =VLOOKUP($B62,ma!$A:$C,3,0) -> 800000 | Q62: 880000 | R62: 0.1
A63: =A62+1 -> 24 | B63: BNB | C63: thuận | D63: 46175 | E63: =VLOOKUP($C63,xe!$A:$B,2,0) -> #N/A | F63: =VLOOKUP($B63,ma!$A:$B,2,0) -> BHX NHÀ BÈ | G63: 89435 | H63: 4/6 | K63: 1.6 | L63: =K63*80000 -> 128000 | O63: 1 | P63: =VLOOKUP($B63,ma!$A:$C,3,0) -> 400000 | Q63: 440000 | R63: 0.1
A64: =A63+1 -> 25 | B64: BNB | C64: b tâm | D64: 46175 | E64: =VLOOKUP($C64,xe!$A:$B,2,0) -> 50H-70216 | F64: =VLOOKUP($B64,ma!$A:$B,2,0) -> BHX NHÀ BÈ | G64: 89578 | H64: 4/6 | K64: 1.6 | L64: 160000 | O64: 1 | P64: =VLOOKUP($B64,ma!$A:$C,3,0) -> 400000 | Q64: 440000 | R64: 0.1
A65: =A64+1 -> 26 | B65: BHCD | C65: long | D65: 46175 | E65: =VLOOKUP($C65,xe!$A:$B,2,0) -> 50H-55443 | F65: =VLOOKUP($B65,ma!$A:$B,2,0) -> BHX CẦN ĐƯỚC | G65: 89623 | H65: 4/6 | J65: SX 50H 70216 | K65: 1 | L65: =K65*50000 -> 50000 | O65: 1 | P65: =VLOOKUP($B65,ma!$A:$C,3,0) -> 900000 | Q65: 300000 | R65: 0.1
A66: =A65+1 -> 27 | B66: BHCD | C66: w HIẾU | D66: 46175 | E66: =VLOOKUP($C66,xe!$A:$B,2,0) -> 50H-64470 | F66: =VLOOKUP($B66,ma!$A:$B,2,0) -> BHX CẦN ĐƯỚC | G66: 89575+89573+ | H66: 4/6 | K66: 1.4 | L66: 190000 | O66: 1 | P66: =VLOOKUP($B66,ma!$A:$C,3,0) -> 900000 | Q66: 990000 | R66: 0.1
A67: =A66+1 -> 28 | B67: BTDN | C67: o vương | D67: 46175 | E67: =VLOOKUP($C67,xe!$A:$B,2,0) -> 50H-63174 | F67: =VLOOKUP($B67,ma!$A:$B,2,0) -> BHX ( TĐN) | G67: 89791 | H67: 4/6 | J67: 50H 87442 SX | K67: 2 | L67: 190000 | O67: 1 | P67: =VLOOKUP($B67,ma!$A:$C,3,0) -> 800000 | Q67: 1080000 | R67: 0.1
A68: =A67+1 -> 29 | B68: BTDN | C68: R THI | D68: 46175 | E68: =VLOOKUP($C68,xe!$A:$B,2,0) -> 50H-55161 | F68: =VLOOKUP($B68,ma!$A:$B,2,0) -> BHX ( TĐN) | G68: 89806 | H68: 4/6 | J68: 50H 87442 SX | K68: 2 | L68: 190000 | O68: 1 | P68: =VLOOKUP($B68,ma!$A:$C,3,0) -> 800000 | Q68: 1080000 | R68: 0.1
A69: =A68+1 -> 30 | B69: BTDN | C69: ư lừa | D69: 46175 | E69: =VLOOKUP($C69,xe!$A:$B,2,0) -> 50E-164,61 | F69: =VLOOKUP($B69,ma!$A:$B,2,0) -> BHX ( TĐN) | G69: 89807 | H69: 4/6 | J69: 50H 87442 SX | K69: 2 | L69: 190000 | O69: 1 | P69: =VLOOKUP($B69,ma!$A:$C,3,0) -> 800000 | Q69: 1080000 | R69: 0.1
A70: =A69+1 -> 31 | B70: BXA | C70: a dung | D70: 46175 | E70: =VLOOKUP($C70,xe!$A:$B,2,0) -> #N/A | F70: =VLOOKUP($B70,ma!$A:$B,2,0) -> BHX XUYÊN Á | G70: 89793 | H70: 8/6 | K70: 2 | L70: =K70*80000 -> 160000 | O70: 1 | P70: =VLOOKUP($B70,ma!$A:$C,3,0) -> 900000 | Q70: 990000 | R70: 0.1
A71: =A70+1 -> 32 | B71: BXA | C71: z | D71: 46175 | E71: =VLOOKUP($C71,xe!$A:$B,2,0) -> #N/A | F71: =VLOOKUP($B71,ma!$A:$B,2,0) -> BHX XUYÊN Á | G71: 89799 | H71: 5/6 | K71: 1.8 | L71: =K71*80000 -> 144000 | O71: 1 | P71: =VLOOKUP($B71,ma!$A:$C,3,0) -> 900000 | Q71: 990000 | R71: 0.1
A72: =A71+1 -> 33 | B72: ARDC | C72: thuận | D72: 46175 | E72: =VLOOKUP($C72,xe!$A:$B,2,0) -> #N/A | F72: =VLOOKUP($B72,ma!$A:$B,2,0) -> AEON RDC Q12 | G72: 89716+89725+89730+89733+89735+89750+10730 | H72: 4/6 | J72: UNI 50H 55116 SX | K72: 2.4 | L72: =K72*50000 -> 120000 | O72: 1 | P72: =VLOOKUP($B72,ma!$A:$C,3,0) -> 800000 | Q72: 1210000 | R72: 0.1
A73: =A72+1 -> 34 | B73: ARDC | C73: f y | D73: 46175 | E73: =VLOOKUP($C73,xe!$A:$B,2,0) -> 50H-55116 | F73: =VLOOKUP($B73,ma!$A:$B,2,0) -> AEON RDC Q12 | G73: 11195+11192+89739+89734+89736+89731+89722+89727+89732+10740+10741+10742+10743 | H73: 4/6 | J73: UNI SX 50H 44328 | K73: 1 | L73: =K73*50000 -> 50000 | O73: 1 | P73: =VLOOKUP($B73,ma!$A:$C,3,0) -> 800000 | Q73: 550000 | R73: 0.1
A74: =A73+1 -> 35 | B74: BTDN | C74: a lợi | D74: 46175 | E74: =VLOOKUP($C74,xe!$A:$B,2,0) -> 50H 87442 | F74: =VLOOKUP($B74,ma!$A:$B,2,0) -> BHX ( TĐN) | G74: 89705 | H74: 4/6 | J74: NDFC SX 3 ( 55161 + 16461 + 63174 ) | K74: 1 | L74: =K74*50000 -> 50000 | O74: 1 | P74: =VLOOKUP($B74,ma!$A:$C,3,0) -> 800000 | Q74: 300000 | R74: 0.1
A75: =A74+1 -> 36 | B75: BTDN | C75: m hưng | D75: 46175 | E75: =VLOOKUP($C75,xe!$A:$B,2,0) -> 50H-66445 | F75: =VLOOKUP($B75,ma!$A:$B,2,0) -> BHX ( TĐN) | G75: 89567 | H75: 4/6 | J75: NDFC | K75: 1.6 | L75: 160000 | O75: 1 | P75: =VLOOKUP($B75,ma!$A:$C,3,0) -> 800000 | Q75: 880000 | R75: 0.1
A76: =A75+1 -> 37 | B76: BHCD | C76: y thanh | D76: 46175 | E76: =VLOOKUP($C76,xe!$A:$B,2,0) -> 50H-69501 | F76: =VLOOKUP($B76,ma!$A:$B,2,0) -> BHX CẦN ĐƯỚC | G76: 89554+89556 | H76: 4/6 | J76: NDFC | K76: 1.6 | L76: 210000 | O76: 1 | P76: =VLOOKUP($B76,ma!$A:$C,3,0) -> 900000 | Q76: 990000 | R76: 0.1
A77: =A76+1 -> 38 | B77: BHCD | C77: b tâm | D77: 46175 | E77: =VLOOKUP($C77,xe!$A:$B,2,0) -> 50H-70216 | F77: =VLOOKUP($B77,ma!$A:$B,2,0) -> BHX CẦN ĐƯỚC | G77: 89754+89757 | H77: 4/6 | J77: NDFC 50H 55443 SX | K77: 2.4 | L77: 290000 | O77: 1 | P77: =VLOOKUP($B77,ma!$A:$C,3,0) -> 900000 | Q77: 1460000 | R77: 0.1
A78: =A77+1 -> 39 | B78: BNB | C78: c sơn | D78: 46175 | E78: =VLOOKUP($C78,xe!$A:$B,2,0) -> 50H-74619 | F78: =VLOOKUP($B78,ma!$A:$B,2,0) -> BHX NHÀ BÈ | G78: 89608 | H78: 5/6 | J78: MCC | K78: 1.2 | L78: 140000 | O78: 1 | P78: =VLOOKUP($B78,ma!$A:$C,3,0) -> 400000 | Q78: 440000 | R78: 0.1
A79: =A78+1 -> 40 | B79: CLUN | C79: thuận | D79: 46175 | E79: =VLOOKUP($C79,xe!$A:$B,2,0) -> #N/A | F79: =VLOOKUP($B79,ma!$A:$B,2,0) -> CALOFIC - UNI ( xe nhỏ ) | G79: bbnh+8182+8180 | H79: 4/6 | K79: 1 | L79: =K79*50000 -> 50000 | O79: 1 | P79: =VLOOKUP($B79,ma!$A:$C,3,0) -> 300000 | Q79: 330000 | R79: 0.1
A80: 1 | B80: EM | C80: P VŨ | D80: 46176 | E80: =VLOOKUP($C80,xe!$A:$B,2,0) -> #N/A | F80: =VLOOKUP($B80,ma!$A:$B,2,0) -> E MART P.V.TRỊ | G80: 10760 | H80: 8/6 | J80: UNI | K80: 2 | L80: =K80*50000 -> 100000 | O80: 1 | P80: =VLOOKUP($B80,ma!$A:$C,3,0) -> 800000 | Q80: 880000 | R80: 0.1
A81: =A80+1 -> 2 | B81: EMS | C81: U THANH | D81: 46176 | E81: =VLOOKUP($C81,xe!$A:$B,2,0) -> #N/A | F81: =VLOOKUP($B81,ma!$A:$B,2,0) -> E MART SALA | G81: 89888+89890+89889+89891 | H81: 8/6 | J81: UNI | K81: 1.2 | L81: =K81*50000 -> 60000 | O81: 1 | P81: =VLOOKUP($B81,ma!$A:$C,3,0) -> 800000 | Q81: 880000 | R81: 0.1
A82: =A81+1 -> 3 | B82: EMS | C82: y1 | D82: 46176 | E82: =VLOOKUP($C82,xe!$A:$B,2,0) -> #N/A | F82: =VLOOKUP($B82,ma!$A:$B,2,0) -> E MART SALA | G82: 89987+89892+89887+89885 | H82: 8/6 | J82: UNI | K82: 1.2 | L82: =K82*50000 -> 60000 | O82: 1 | P82: =VLOOKUP($B82,ma!$A:$C,3,0) -> 800000 | Q82: 880000 | R82: 0.1
A83: =A82+1 -> 4 | B83: EMP | C83: e1 | D83: 46176 | E83: =VLOOKUP($C83,xe!$A:$B,2,0) -> #N/A | F83: =VLOOKUP($B83,ma!$A:$B,2,0) -> EMART P.H.ÍCH | G83: 89886+89884+10761 | H83: 8/6 | J83: UNI | K83: 1.6 | L83: =K83*50000 -> 80000 | O83: 1 | P83: =VLOOKUP($B83,ma!$A:$C,3,0) -> 800000 | Q83: 880000 | R83: 0.1
A84: =A83+1 -> 5 | B84: EMP | C84: I THI | D84: 46176 | E84: =VLOOKUP($C84,xe!$A:$B,2,0) -> #N/A | F84: =VLOOKUP($B84,ma!$A:$B,2,0) -> EMART P.H.ÍCH | G84: 89899+89903+90000+89904+89901+89902+89900 | H84: 8/6 | J84: UNI | K84: 1.6 | L84: =K84*50000 -> 80000 | O84: 1 | P84: =VLOOKUP($B84,ma!$A:$C,3,0) -> 800000 | Q84: 880000 | R84: 0.1
A85: =A84+1 -> 6 | B85: AF | C85: x1 | D85: 46176 | E85: =VLOOKUP($C85,xe!$A:$B,2,0) -> #N/A | F85: =VLOOKUP($B85,ma!$A:$B,2,0) -> ANFOOD Q12 ( K BX ) | G85: 89958 | H85: 5/6 | K85: 1.8 | O85: 1 | P85: =VLOOKUP($B85,ma!$A:$C,3,0) -> 800000 | Q85: 880000 | R85: 0.1
A86: =A85+1 -> 7 | B86: SHT | C86: V VŨ | D86: 46176 | E86: =VLOOKUP($C86,xe!$A:$B,2,0) -> 51H -88294 | F86: =VLOOKUP($B86,ma!$A:$B,2,0) -> SONG HỒNG TÂN ( KBX ) | G86: 89921 | H86: 4/6 | K86: 2 | L86: 50000 | O86: 1 | P86: =VLOOKUP($B86,ma!$A:$C,3,0) -> 900000 | Q86: 990000 | R86: 0.1
A87: =A86+1 -> 8 | B87: SHT | C87: Q HẢI | D87: 46176 | E87: =VLOOKUP($C87,xe!$A:$B,2,0) -> 50H-64316 | F87: =VLOOKUP($B87,ma!$A:$B,2,0) -> SONG HỒNG TÂN ( KBX ) | G87: 89946 | H87: 4/6 | K87: 1.8 | L87: 50000 | O87: 1 | P87: =VLOOKUP($B87,ma!$A:$C,3,0) -> 900000 | Q87: 990000 | R87: 0.1
A88: =A87+1 -> 9 | B88: SHT | C88: t anh | D88: 46176 | E88: =VLOOKUP($C88,xe!$A:$B,2,0) -> 50H-54580 | F88: =VLOOKUP($B88,ma!$A:$B,2,0) -> SONG HỒNG TÂN ( KBX ) | G88: 89945 | H88: 4/6 | K88: 2 | L88: 50000 | O88: 1 | P88: =VLOOKUP($B88,ma!$A:$C,3,0) -> 900000 | Q88: 990000 | R88: 0.1
A89: =A88+1 -> 10 | B89: NTRU | C89: f y | D89: 46176 | E89: =VLOOKUP($C89,xe!$A:$B,2,0) -> 50H-55116 | F89: =VLOOKUP($B89,ma!$A:$B,2,0) -> NGUYỄN TRƯƠNG | G89: 89928 | H89: 4/6 | K89: 1.4 | L89: =K89*50000 -> 70000 | O89: 1 | P89: =VLOOKUP($B89,ma!$A:$C,3,0) -> 800000 | Q89: 880000 | R89: 0.1
A90: =A89+1 -> 11 | B90: XV | C90: a lợi | D90: 46176 | E90: =VLOOKUP($C90,xe!$A:$B,2,0) -> 50H 87442 | F90: =VLOOKUP($B90,ma!$A:$B,2,0) -> XUÂN VÂN ( K BX ) | G90: 11258+89985 | H90: 4/6 | K90: 2 | L90: 50000 | O90: 1 | P90: =VLOOKUP($B90,ma!$A:$C,3,0) -> 800000 | Q90: 880000 | R90: 0.1
A91: =A90+1 -> 12 | B91: PAPA | C91: long | D91: 46176 | E91: =VLOOKUP($C91,xe!$A:$B,2,0) -> 50H-55443 | F91: =VLOOKUP($B91,ma!$A:$B,2,0) -> Paparotti Tân Phú | G91: 89949 | H91: 4/6 | K91: 1.4 | L91: =K91*50000 -> 70000 | O91: 1 | P91: =VLOOKUP($B91,ma!$A:$C,3,0) -> 800000 | Q91: 880000 | R91: 0.1
A92: =A91+1 -> 13 | B92: NTH | C92: N QUỐC | D92: 46176 | E92: =VLOOKUP($C92,xe!$A:$B,2,0) -> 50H-50999 | F92: =VLOOKUP($B92,ma!$A:$B,2,0) -> Như Thùy | G92: 90042+11270 | H92: 4/6 | K92: 1.8 | L92: =K92*50000 -> 90000 | O92: 1 | P92: =VLOOKUP($B92,ma!$A:$C,3,0) -> 800000 | Q92: 880000 | R92: 0.1
A93: =A92+1 -> 14 | B93: PPm | C93: a dung | D93: 46176 | E93: =VLOOKUP($C93,xe!$A:$B,2,0) -> #N/A | F93: =VLOOKUP($B93,ma!$A:$B,2,0) -> PHẠM PHAN MES CỦ CHI ( K BX ) | G93: 90098 | H93: 8/6 | K93: 1.8 | L93: =K93*80000 -> 144000 | O93: 1 | P93: =VLOOKUP($B93,ma!$A:$C,3,0) -> 900000 | Q93: 990000 | R93: 0.1
A94: =A93+1 -> 15 | B94: PPm | C94: w HIẾU | D94: 46176 | E94: =VLOOKUP($C94,xe!$A:$B,2,0) -> 50H-64470 | F94: =VLOOKUP($B94,ma!$A:$B,2,0) -> PHẠM PHAN MES CỦ CHI ( K BX ) | G94: 90165 | H94: 4/6 | K94: 1.8 | L94: =K94*80000 -> 144000 | O94: 1 | P94: =VLOOKUP($B94,ma!$A:$C,3,0) -> 900000 | Q94: 990000 | R94: 0.1
A95: =A94+1 -> 16 | B95: PV | C95: c sơn | D95: 46176 | E95: =VLOOKUP($C95,xe!$A:$B,2,0) -> 50H-74619 | F95: =VLOOKUP($B95,ma!$A:$B,2,0) -> PHONG VÂN ( K BX ) | G95: 11291+90097+90177 | H95: 5/6 | K95: 2 | L95: 50000 | O95: 1 | P95: =VLOOKUP($B95,ma!$A:$C,3,0) -> 800000 | Q95: 880000 | R95: 0.1
A96: =A95+1 -> 17 | B96: PV | C96: y thanh | D96: 46176 | E96: =VLOOKUP($C96,xe!$A:$B,2,0) -> 50H-69501 | F96: =VLOOKUP($B96,ma!$A:$B,2,0) -> PHONG VÂN ( K BX ) | G96: 90151 | H96: 4/6 | K96: 2 | L96: 50000 | O96: 1 | P96: =VLOOKUP($B96,ma!$A:$C,3,0) -> 800000 | Q96: 880000 | R96: 0.1
A97: =A96+1 -> 18 | B97: PV | C97: R THI | D97: 46176 | E97: =VLOOKUP($C97,xe!$A:$B,2,0) -> 50H-55161 | F97: =VLOOKUP($B97,ma!$A:$B,2,0) -> PHONG VÂN ( K BX ) | G97: 90335 | H97: 4/6 | K97: 2 | L97: 50000 | O97: 1 | P97: =VLOOKUP($B97,ma!$A:$C,3,0) -> 800000 | Q97: 880000 | R97: 0.1
A98: =A97+1 -> 19 | B98: PV | C98: b tâm | D98: 46176 | E98: =VLOOKUP($C98,xe!$A:$B,2,0) -> 50H-70216 | F98: =VLOOKUP($B98,ma!$A:$B,2,0) -> PHONG VÂN ( K BX ) | G98: 90186 | H98: 4/6 | K98: 2 | L98: 50000 | O98: 1 | P98: =VLOOKUP($B98,ma!$A:$C,3,0) -> 800000 | Q98: 880000 | R98: 0.1
A99: =A98+1 -> 20 | B99: PV | C99: o vương | D99: 46176 | E99: =VLOOKUP($C99,xe!$A:$B,2,0) -> 50H-63174 | F99: =VLOOKUP($B99,ma!$A:$B,2,0) -> PHONG VÂN ( K BX ) | G99: 90241 | H99: 4/6 | K99: 2 | L99: 50000 | O99: 1 | P99: =VLOOKUP($B99,ma!$A:$C,3,0) -> 800000 | Q99: 880000 | R99: 0.1
A100: =A99+1 -> 21 | B100: PV | C100: Ư lừa | D100: 46176 | E100: =VLOOKUP($C100,xe!$A:$B,2,0) -> 50E-164,61 | F100: =VLOOKUP($B100,ma!$A:$B,2,0) -> PHONG VÂN ( K BX ) | G100: 90334 | H100: 4/6 | K100: 2 | L100: 50000 | O100: 1 | P100: =VLOOKUP($B100,ma!$A:$C,3,0) -> 800000 | Q100: 880000 | R100: 0.1
...

Sheet XE LỚN
D1: KÊ CHI TIẾT XE LỚN
D2: 46141
D3: Tên : | G3: SỐ XE :
F4: #N/A | K4: 2 | L4: 2 | N4: #N/A
A5: STT | B5: Mã | C5: Tên TX | D5: Ngày | E5: Số Xe | F5: Nơi giao | G5: Đổ Dầu | H5: SỐ KM | I5: C.Phí lấy hàng | J5: ghi chú | K5: C.phí tài xế | L5: ghi chú | M5: TÀI | N5: Đơn giá | O5: Thành tiền | P5: LƯƠNG LX
A6: 1 | B6: QXT | C6: L1 THÀNH | D6: 46174 | E6: =VLOOKUP($C6,xe!$A:$B,2,0) -> 50E-648.73 | F6: =VLOOKUP($B6,ma!$A:$B,2,0) -> QUANG XUÂN TRƯỜNG P.GIÁO | N6: =VLOOKUP($B6,ma!$A:$C,3,0) -> 230000 | O6: =M6*N6 -> 0 | P6: =O6*10% -> 0
A7: =A6+1 -> 2 | B7: PMVX | C7: L2 MẾN | D7: 46174 | E7: =VLOOKUP($C7,xe!$A:$B,2,0) -> 50E-654.34 | F7: =VLOOKUP($B7,ma!$A:$B,2,0) -> PHAN MINH VŨ-BIÊN HOÀ XÁ | M7: 13.93 | N7: =VLOOKUP($B7,ma!$A:$C,3,0) -> 238000 | O7: =M7*N7 -> 3315340 | P7: =O7*10% -> 331534
A8: =A7+1 -> 3 | B8: TLX | C8: L3 HOÀ | D8: 46174 | E8: =VLOOKUP($C8,xe!$A:$B,2,0) -> 50E-324,01 | F8: =VLOOKUP($B8,ma!$A:$B,2,0) -> TUẤN LỘC Q7 XÁ | M8: 15.41 | N8: =VLOOKUP($B8,ma!$A:$C,3,0) -> 200000 | O8: =M8*N8 -> 3082000 | P8: =O8*10% -> 308200
A9: =A8+1 -> 4 | B9: Q6X | C9: L4 QUẠY | D9: 46174 | E9: =VLOOKUP($C9,xe!$A:$B,2,0) -> 50H-87055 | F9: =VLOOKUP($B9,ma!$A:$B,2,0) -> PHẠM ANH QUẬN 6 XÁ | M9: 13.8 | N9: =VLOOKUP($B9,ma!$A:$C,3,0) -> 200000 | O9: =M9*N9 -> 2760000 | P9: =O9*10% -> 276000
A10: =A9+1 -> 5 | B10: TLP | C10: L7 KHANG | D10: 46174 | E10: =VLOOKUP($C10,xe!$A:$B,2,0) -> 50H-66347 | F10: =VLOOKUP($B10,ma!$A:$B,2,0) -> TUẤN LỘC Q7 PALLET | M10: 11.15 | N10: =VLOOKUP($B10,ma!$A:$C,3,0) -> 200000 | O10: =M10*N10 -> 2230000 | P10: =O10*10% -> 223000
A11: =A10+1 -> 6 | B11: q8x | C11: L1 THÀNH | D11: 46175 | E11: =VLOOKUP($C11,xe!$A:$B,2,0) -> 50E-648.73 | F11: =VLOOKUP($B11,ma!$A:$B,2,0) -> QUẬN 8 XÁ | M11: 9.12 | N11: =VLOOKUP($B11,ma!$A:$C,3,0) -> 200000 | O11: =M11*N11 -> 1824000 | P11: =O11*10% -> 182400
A12: =A11+1 -> 7 | B12: Q9X | C12: l2 mến | D12: 46175 | E12: =VLOOKUP($C12,xe!$A:$B,2,0) -> 50E-654.34 | F12: =VLOOKUP($B12,ma!$A:$B,2,0) -> QUẬN 9 XÁ | M12: 14.47 | N12: =VLOOKUP($B12,ma!$A:$C,3,0) -> 200000 | O12: =M12*N12 -> 2894000 | P12: =O12*10% -> 289400
A13: =A12+1 -> 8 | B13: Q9X | C13: L3 HOÀ | D13: 46175 | E13: =VLOOKUP($C13,xe!$A:$B,2,0) -> 50E-324,01 | F13: =VLOOKUP($B13,ma!$A:$B,2,0) -> QUẬN 9 XÁ | M13: 13.94 | N13: =VLOOKUP($B13,ma!$A:$C,3,0) -> 200000 | O13: =M13*N13 -> 2788000 | P13: =O13*10% -> 278800
A14: =A13+1 -> 9 | B14: CLUNI | C14: L3 HOÀ | D14: 46175 | E14: =VLOOKUP($C14,xe!$A:$B,2,0) -> 50E-324,01 | F14: =VLOOKUP($B14,ma!$A:$B,2,0) -> CALOFIC - UNI ( xe lớn ) | M14: 1 | N14: =VLOOKUP($B14,ma!$A:$C,3,0) -> 400000 | O14: =M14*N14 -> 400000 | P14: 100000
A15: =A14+1 -> 10 | B15: Q6P | C15: L4 QUẠY | D15: 46175 | E15: =VLOOKUP($C15,xe!$A:$B,2,0) -> 50H-87055 | F15: =VLOOKUP($B15,ma!$A:$B,2,0) -> PHẠM ANH QUẬN 6 PALLET | M15: 12.71 | N15: =VLOOKUP($B15,ma!$A:$C,3,0) -> 200000 | O15: =M15*N15 -> 2542000 | P15: =O15*10% -> 254200
A16: =A15+1 -> 11 | B16: TLP | C16: L6 PHƯƠNG | D16: 46175 | E16: =VLOOKUP($C16,xe!$A:$B,2,0) -> 50H-75206 | F16: =VLOOKUP($B16,ma!$A:$B,2,0) -> TUẤN LỘC Q7 PALLET | M16: 1.63 | N16: =VLOOKUP($B16,ma!$A:$C,3,0) -> 200000 | O16: =M16*N16 -> 326000 | P16: =O16*10% -> 32600
A17: =A16+1 -> 12 | B17: PMVP | C17: L6 PHƯƠNG | D17: 46175 | E17: =VLOOKUP($C17,xe!$A:$B,2,0) -> 50H-75206 | F17: =VLOOKUP($B17,ma!$A:$B,2,0) -> PHAN MINH VŨ-BIÊN HOÀ PALLET | M17: 13.72 | N17: =VLOOKUP($B17,ma!$A:$C,3,0) -> 238000 | O17: =M17*N17 -> 3265360 | P17: =O17*10% -> 326536
A18: =A17+1 -> 13 | B18: Q9X | C18: L7 KHANG | D18: 46175 | E18: =VLOOKUP($C18,xe!$A:$B,2,0) -> 50H-66347 | F18: =VLOOKUP($B18,ma!$A:$B,2,0) -> QUẬN 9 XÁ | M18: 14.46 | N18: =VLOOKUP($B18,ma!$A:$C,3,0) -> 200000 | O18: =M18*N18 -> 2892000 | P18: =O18*10% -> 289200
A19: =A18+1 -> 14 | B19: TLP | C19: L7 KHANG | D19: 46175 | E19: =VLOOKUP($C19,xe!$A:$B,2,0) -> 50H-66347 | F19: =VLOOKUP($B19,ma!$A:$B,2,0) -> TUẤN LỘC Q7 PALLET | M19: 13.46 | N19: =VLOOKUP($B19,ma!$A:$C,3,0) -> 200000 | O19: =M19*N19 -> 2692000 | P19: =O19*10% -> 269200
A20: =A19+1 -> 15 | B20: Q9P | C20: L1 THÀNH | D20: 46176 | E20: =VLOOKUP($C20,xe!$A:$B,2,0) -> 50E-648.73 | F20: =VLOOKUP($B20,ma!$A:$B,2,0) -> QUẬN 9 PALLET | M20: 10.66 | N20: =VLOOKUP($B20,ma!$A:$C,3,0) -> 200000 | O20: =M20*N20 -> 2132000 | P20: =O20*10% -> 213200
A21: =A20+1 -> 16 | B21: Q6P | C21: l2 mến | D21: 46176 | E21: =VLOOKUP($C21,xe!$A:$B,2,0) -> 50E-654.34 | F21: =VLOOKUP($B21,ma!$A:$B,2,0) -> PHẠM ANH QUẬN 6 PALLET | M21: 13.51 | N21: =VLOOKUP($B21,ma!$A:$C,3,0) -> 200000 | O21: =M21*N21 -> 2702000 | P21: =O21*10% -> 270200
A22: =A21+1 -> 17 | B22: Q8P | C22: L3 HOÀ | D22: 46176 | E22: =VLOOKUP($C22,xe!$A:$B,2,0) -> 50E-324,01 | F22: =VLOOKUP($B22,ma!$A:$B,2,0) -> QUẬN 8 PALLET | M22: 12.35 | N22: =VLOOKUP($B22,ma!$A:$C,3,0) -> 200000 | O22: =M22*N22 -> 2470000 | P22: =O22*10% -> 247000
A23: =A22+1 -> 18 | B23: Q8P | C23: L3 HOÀ | D23: 46176 | E23: =VLOOKUP($C23,xe!$A:$B,2,0) -> 50E-324,01 | F23: =VLOOKUP($B23,ma!$A:$B,2,0) -> QUẬN 8 PALLET | M23: 13.33 | N23: =VLOOKUP($B23,ma!$A:$C,3,0) -> 200000 | O23: =M23*N23 -> 2666000 | P23: =O23*10% -> 266600
A24: =A23+1 -> 19 | B24: Q9X | C24: L4 QUẠY | D24: 46176 | E24: =VLOOKUP($C24,xe!$A:$B,2,0) -> 50H-87055 | F24: =VLOOKUP($B24,ma!$A:$B,2,0) -> QUẬN 9 XÁ | M24: 13.94 | N24: =VLOOKUP($B24,ma!$A:$C,3,0) -> 200000 | O24: =M24*N24 -> 2788000 | P24: =O24*10% -> 278800
A25: =A24+1 -> 20 | B25: TLP | C25: L5 MINH | D25: 46176 | E25: =VLOOKUP($C25,xe!$A:$B,2,0) -> 50E-757,74 | F25: =VLOOKUP($B25,ma!$A:$B,2,0) -> TUẤN LỘC Q7 PALLET | M25: 12.31 | N25: =VLOOKUP($B25,ma!$A:$C,3,0) -> 200000 | O25: =M25*N25 -> 2462000 | P25: =O25*10% -> 246200
A26: =A25+1 -> 21 | B26: TLP | C26: L6 PHƯƠNG | D26: 46176 | E26: =VLOOKUP($C26,xe!$A:$B,2,0) -> 50H-75206 | F26: =VLOOKUP($B26,ma!$A:$B,2,0) -> TUẤN LỘC Q7 PALLET | M26: 11.29 | N26: =VLOOKUP($B26,ma!$A:$C,3,0) -> 200000 | O26: =M26*N26 -> 2258000 | P26: =O26*10% -> 225800
... A33: =A32+1 -> 28 | B33: Q6P | C33: L5 MINH | D33: 46177 | E33: =VLOOKUP($C33,xe!$A:$B,2,0) -> 50E-757,74 | F33: =VLOOKUP($B33,ma!$A:$B,2,0) -> PHẠM ANH QUẬN 6 PALLET | M33: 13.65 | N33: =VLOOKUP($B33,ma!$A:$C,3,0) -> 200000 | O33: =M33*N33 -> 2730000 | P33: =O33*10% -> 273000
A34: =A33+1 -> 29 | B34: NE7 | C34: L6 PHƯƠNG | D34: 46177 | E34: =VLOOKUP($C34,xe!$A:$B,2,0) -> 50H-75206 | F34: =VLOOKUP($B34,ma!$A:$B,2,0) -> NESTLE 7-10 | N34: =VLOOKUP($B34,ma!$A:$C,3,0) -> 393000 | O34: =M34*N34 -> 0 | P34: =O34*10% -> 0
A35: =A34+1 -> 30 | B35: Q8P | C35: L7 KHANG | D35: 46177 | E35: =VLOOKUP($C35,xe!$A:$B,2,0) -> 50H-66347 | F35: =VLOOKUP($B35,ma!$A:$B,2,0) -> QUẬN 8 PALLET | M35: 15.76 | N35: =VLOOKUP($B35,ma!$A:$C,3,0) -> 200000 | O35: =M35*N35 -> 3152000 | P35: =O35*10% -> 315200
A36: =A35+1 -> 31 | B36: cluni | C36: L7 KHANG | D36: 46177 | E36: =VLOOKUP($C36,xe!$A:$B,2,0) -> 50H-66347 | F36: =VLOOKUP($B36,ma!$A:$B,2,0) -> CALOFIC - UNI ( xe lớn ) | M36: 1 | N36: =VLOOKUP($B36,ma!$A:$C,3,0) -> 400000 | O36: =M36*N36 -> 400000 | P36: 100000
A37: =A36+1 -> 32 | B37: ajlh | C37: L3 HOÀ | D37: 46177 | E37: =VLOOKUP($C37,xe!$A:$B,2,0) -> 50E-324,01 | F37: =VLOOKUP($B37,ma!$A:$B,2,0) -> AJ LONG HẬU | M37: 1 | N37: =VLOOKUP($B37,ma!$A:$C,3,0) -> 600000 | O37: =M37*N37 -> 600000 | P37: 100000
A38: =A37+1 -> 33 | B38: NDNA | C38: L1 THÀNH | D38: 46178 | E38: =VLOOKUP($C38,xe!$A:$B,2,0) -> 50E-648.73 | F38: =VLOOKUP($B38,ma!$A:$B,2,0) -> NDFC - NAIC BẾN LỨC | M38: 1 | N38: =VLOOKUP($B38,ma!$A:$C,3,0) -> 2400000 | O38: =M38*N38 -> 2400000 | P38: =O38*10% -> 240000
A39: =A38+1 -> 34 | B39: TLP | C39: L3 HOÀ | D39: 46178 | E39: =VLOOKUP($C39,xe!$A:$B,2,0) -> 50E-324,01 | F39: =VLOOKUP($B39,ma!$A:$B,2,0) -> TUẤN LỘC Q7 PALLET | M39: 13.58 | N39: =VLOOKUP($B39,ma!$A:$C,3,0) -> 200000 | O39: =M39*N39 -> 2716000 | P39: =O39*10% -> 271600
A40: =A39+1 -> 35 | B40: TLP | C40: L3 HOÀ | D40: 46178 | E40: =VLOOKUP($C40,xe!$A:$B,2,0) -> 50E-324,01 | F40: =VLOOKUP($B40,ma!$A:$B,2,0) -> TUẤN LỘC Q7 PALLET | M40: 12.7 | N40: =VLOOKUP($B40,ma!$A:$C,3,0) -> 200000 | O40: =M40*N40 -> 2540000 | P40: =O40*10% -> 254000
A41: =A40+1 -> 36 | B41: NDNA | C41: L4 QUẠY | D41: 46178 | E41: =VLOOKUP($C41,xe!$A:$B,2,0) -> 50H-87055 | F41: =VLOOKUP($B41,ma!$A:$B,2,0) -> NDFC - NAIC BẾN LỨC | M41: 1 | N41: =VLOOKUP($B41,ma!$A:$C,3,0) -> 2400000 | O41: =M41*N41 -> 2400000 | P41: =O41*10% -> 240000
A42: =A41+1 -> 37 | B42: NDNA | C42: L5 MINH | D42: 46178 | E42: =VLOOKUP($C42,xe!$A:$B,2,0) -> 50E-757,74 | F42: =VLOOKUP($B42,ma!$A:$B,2,0) -> NDFC - NAIC BẾN LỨC | M42: 1 | N42: =VLOOKUP($B42,ma!$A:$C,3,0) -> 2400000 | O42: =M42*N42 -> 2400000 | P42: =O42*10% -> 240000
A43: =A42+1 -> 38 | B43: MXD | C43: L5 MINH | D43: 46178 | E43: =VLOOKUP($C43,xe!$A:$B,2,0) -> 50E-757,74 | F43: =VLOOKUP($B43,ma!$A:$B,2,0) -> MAXIDI ĐỒNG NAI | M43: 12.86 | N43: =VLOOKUP($B43,ma!$A:$C,3,0) -> 238000 | O43: =M43*N43 -> 3060680 | P43: =O43*10% -> 306068
A44: =A43+1 -> 39 | B44: NDNA | C44: L6 PHƯƠNG | D44: 46178 | E44: =VLOOKUP($C44,xe!$A:$B,2,0) -> 50H-75206 | F44: =VLOOKUP($B44,ma!$A:$B,2,0) -> NDFC - NAIC BẾN LỨC | M44: 1 | N44: =VLOOKUP($B44,ma!$A:$C,3,0) -> 2400000 | O44: =M44*N44 -> 2400000 | P44: =O44*10% -> 240000
A45: =A44+1 -> 40 | B45: Q6P | C45: L6 PHƯƠNG | D45: 46178 | E45: =VLOOKUP($C45,xe!$A:$B,2,0) -> 50H-75206 | F45: =VLOOKUP($B45,ma!$A:$B,2,0) -> PHẠM ANH QUẬN 6 PALLET | M45: 11.81 | N45: =VLOOKUP($B45,ma!$A:$C,3,0) -> 200000 | O45: =M45*N45 -> 2362000 | P45: =O45*10% -> 236200
A46: =A45+1 -> 41 | B46: Q8P | C46: L7 KHANG | D46: 46178 | E46: =VLOOKUP($C46,xe!$A:$B,2,0) -> 50H-66347 | F46: =VLOOKUP($B46,ma!$A:$B,2,0) -> QUẬN 8 PALLET | M46: 12.77 | N46: =VLOOKUP($B46,ma!$A:$C,3,0) -> 200000 | O46: =M46*N46 -> 2554000 | P46: =O46*10% -> 255400
A47: =A46+1 -> 42 | B47: MXD | C47: L7 KHANG | D47: 46178 | E47: =VLOOKUP($C47,xe!$A:$B,2,0) -> 50H-66347 | F47: =VLOOKUP($B47,ma!$A:$B,2,0) -> MAXIDI ĐỒNG NAI | M47: 12.85 | N47: =VLOOKUP($B47,ma!$A:$C,3,0) -> 238000 | O47: =M47*N47 -> 3058300 | P47: =O47*10% -> 305830
A48: =A47+1 -> 43 | B48: ne7 | C48: L1 THÀNH | D48: 46179 | E48: =VLOOKUP($C48,xe!$A:$B,2,0) -> 50E-648.73 | F48: =VLOOKUP($B48,ma!$A:$B,2,0) -> NESTLE 7-10 | M48: 6.72 | N48: =VLOOKUP($B48,ma!$A:$C,3,0) -> 393000 | O48: =M48*N48 -> 2640960 | P48: =O48*10% -> 264096
A49: =A48+1 -> 44 | B49: cluni | C49: L6 PHƯƠNG | D49: 46179 | E49: =VLOOKUP($C49,xe!$A:$B,2,0) -> 50H-75206 | F49: =VLOOKUP($B49,ma!$A:$B,2,0) -> CALOFIC - UNI ( xe lớn ) | M49: 1 | N49: =VLOOKUP($B49,ma!$A:$C,3,0) -> 400000 | O49: =M49*N49 -> 400000 | P49: 100000
A50: =A49+1 -> 45 | B50: cluni | C50: L3 HOÀ | D50: 46179 | E50: =VLOOKUP($C50,xe!$A:$B,2,0) -> 50E-324,01 | F50: =VLOOKUP($B50,ma!$A:$B,2,0) -> CALOFIC - UNI ( xe lớn ) | M50: 1 | N50: =VLOOKUP($B50,ma!$A:$C,3,0) -> 400000 | O50: =M50*N50 -> 400000 | P50: 100000
A51: =A50+1 -> 46 | B51: NDNA | C51: L1 THÀNH | D51: 46181 | E51: =VLOOKUP($C51,xe!$A:$B,2,0) -> 50E-648.73 | F51: =VLOOKUP($B51,ma!$A:$B,2,0) -> NDFC - NAIC BẾN LỨC | M51: 1 | N51: =VLOOKUP($B51,ma!$A:$C,3,0) -> 2400000 | O51: =M51*N51 -> 2400000 | P51: =O51*10% -> 240000
A52: =A51+1 -> 47 | B52: TLP | C52: L3 HOÀ | D52: 46181 | E52: =VLOOKUP($C52,xe!$A:$B,2,0) -> 50E-324,01 | F52: =VLOOKUP($B52,ma!$A:$B,2,0) -> TUẤN LỘC Q7 PALLET | M52: 11.95 | N52: =VLOOKUP($B52,ma!$A:$C,3,0) -> 200000 | O52: =M52*N52 -> 2390000 | P52: =O52*10% -> 239000
A53: =A52+1 -> 48 | B53: TLX | C53: L3 HOÀ | D53: 46181 | E53: =VLOOKUP($C53,xe!$A:$B,2,0) -> 50E-324,01 | F53: =VLOOKUP($B53,ma!$A:$B,2,0) -> TUẤN LỘC Q7 XÁ | M53: 15.04 | N53: =VLOOKUP($B53,ma!$A:$C,3,0) -> 200000 | O53: =M53*N53 -> 3008000 | P53: =O53*10% -> 300800
A54: =A53+1 -> 49 | B54: GHTGX | C54: L4 QUẠY | D54: 46181 | E54: =VLOOKUP($C54,xe!$A:$B,2,0) -> 50H-87055 | F54: =VLOOKUP($B54,ma!$A:$B,2,0) -> GIA HOÀNG TIỀN GIANG XÁ | M54: 15.6 | N54: =VLOOKUP($B54,ma!$A:$C,3,0) -> 230000 | O54: =M54*N54 -> 3588000 | P54: =O54*10% -> 358800
A55: =A54+1 -> 50 | B55: NDNA | C55: L5 MINH | D55: 46181 | E55: =VLOOKUP($C55,xe!$A:$B,2,0) -> 50E-757,74 | F55: =VLOOKUP($B55,ma!$A:$B,2,0) -> NDFC - NAIC BẾN LỨC | M55: 1 | N55: =VLOOKUP($B55,ma!$A:$C,3,0) -> 2400000 | O55: =M55*N55 -> 2400000 | P55: =O55*10% -> 240000
A56: =A55+1 -> 51 | B56: Q8P | C56: L6 PHƯƠNG | D56: 46181 | E56: =VLOOKUP($C56,xe!$A:$B,2,0) -> 50H-75206 | F56: =VLOOKUP($B56,ma!$A:$B,2,0) -> QUẬN 8 PALLET | M56: 12.93 | N56: =VLOOKUP($B56,ma!$A:$C,3,0) -> 200000 | O56: =M56*N56 -> 2586000 | P56: =O56*10% -> 258600
A57: =A56+1 -> 52 | B57: Q9X | C57: L7 KHANG | D57: 46181 | E57: =VLOOKUP($C57,xe!$A:$B,2,0) -> 50H-66347 | F57: =VLOOKUP($B57,ma!$A:$B,2,0) -> QUẬN 9 XÁ | M57: 17.51 | N57: =VLOOKUP($B57,ma!$A:$C,3,0) -> 200000 | O57: =M57*N57 -> 3502000 | P57: =O57*10% -> 350200
A58: =A57+1 -> 53 | B58: Q8X | C58: L1 THÀNH | D58: 46182 | E58: =VLOOKUP($C58,xe!$A:$B,2,0) -> 50E-648.73 | F58: =VLOOKUP($B58,ma!$A:$B,2,0) -> QUẬN 8 XÁ | M58: 10.49 | N58: =VLOOKUP($B58,ma!$A:$C,3,0) -> 200000 | O58: =M58*N58 -> 2098000 | P58: =O58*10% -> 209800
A59: =A58+1 -> 54 | B59: TLP | C59: L3 HOÀ | D59: 46182 | E59: =VLOOKUP($C59,xe!$A:$B,2,0) -> 50E-324,01 | F59: =VLOOKUP($B59,ma!$A:$B,2,0) -> TUẤN LỘC Q7 PALLET | N59: =VLOOKUP($B59,ma!$A:$C,3,0) -> 200000 | O59: =M59*N59 -> 0 | P59: =O59*10% -> 0
A60: =A59+1 -> 55 | B60: NDNA | C60: L4 QUẠY | D60: 46182 | E60: =VLOOKUP($C60,xe!$A:$B,2,0) -> 50H-87055 | F60: =VLOOKUP($B60,ma!$A:$B,2,0) -> NDFC - NAIC BẾN LỨC | M60: 1 | N60: =VLOOKUP($B60,ma!$A:$C,3,0) -> 2400000 | O60: =M60*N60 -> 2400000 | P60: =O60*10% -> 240000
A61: =A60+1 -> 56 | B61: NAUN | C61: L4 QUẠY | D61: 46182 | E61: =VLOOKUP($C61,xe!$A:$B,2,0) -> 50H-87055 | F61: =VLOOKUP($B61,ma!$A:$B,2,0) -> NAIC -UNI | M61: 1 | N61: =VLOOKUP($B61,ma!$A:$C,3,0) -> 1800000 | O61: =M61*N61 -> 1800000 | P61: =O61*10% -> 180000
A62: =A61+1 -> 57 | B62: Q6P | C62: L5 MINH | D62: 46182 | E62: =VLOOKUP($C62,xe!$A:$B,2,0) -> 50E-757,74 | F62: =VLOOKUP($B62,ma!$A:$B,2,0) -> PHẠM ANH QUẬN 6 PALLET | M62: 13.43 | N62: =VLOOKUP($B62,ma!$A:$C,3,0) -> 200000 | O62: =M62*N62 -> 2686000 | P62: =O62*10% -> 268600
A63: =A62+1 -> 58 | B63: NDNA | C63: L6 PHƯƠNG | D63: 46182 | E63: =VLOOKUP($C63,xe!$A:$B,2,0) -> 50H-75206 | F63: =VLOOKUP($B63,ma!$A:$B,2,0) -> NDFC - NAIC BẾN LỨC | M63: 1 | N63: =VLOOKUP($B63,ma!$A:$C,3,0) -> 2400000 | O63: =M63*N63 -> 2400000 | P63: =O63*10% -> 240000
A64: =A63+1 -> 59 | B64: NAUN | C64: L6 PHƯƠNG | D64: 46182 | E64: =VLOOKUP($C64,xe!$A:$B,2,0) -> 50H-75206 | F64: =VLOOKUP($B64,ma!$A:$B,2,0) -> NAIC -UNI | M64: 1 | N64: =VLOOKUP($B64,ma!$A:$C,3,0) -> 1800000 | O64: =M64*N64 -> 1800000 | P64: =O64*10% -> 180000
A65: =A64+1 -> 60 | B65: TLP | C65: L7 KHANG | D65: 46182 | E65: =VLOOKUP($C65,xe!$A:$B,2,0) -> 50H-66347 | F65: =VLOOKUP($B65,ma!$A:$B,2,0) -> TUẤN LỘC Q7 PALLET | N65: =VLOOKUP($B65,ma!$A:$C,3,0) -> 200000 | O65: =M65*N65 -> 0 | P65: =O65*10% -> 0
A66: =A65+1 -> 61 | B66: cluni | C66: L7 KHANG | D66: 46182 | E66: =VLOOKUP($C66,xe!$A:$B,2,0) -> 50H-66347 | F66: =VLOOKUP($B66,ma!$A:$B,2,0) -> CALOFIC - UNI ( xe lớn ) | M66: 1 | N66: =VLOOKUP($B66,ma!$A:$C,3,0) -> 400000 | O66: =M66*N66 -> 400000 | P66: 100000
A67: =A65+1 -> 61 | B67: q6p | C67: l2 mến | D67: 46183 | E67: =VLOOKUP($C67,xe!$A:$B,2,0) -> 50E-654.34 | F67: =VLOOKUP($B67,ma!$A:$B,2,0) -> PHẠM ANH QUẬN 6 PALLET | M67: 6.23 | N67: =VLOOKUP($B67,ma!$A:$C,3,0) -> 200000 | O67: =M67*N67 -> 1246000 | P67: =O67*10% -> 124600
A68: =A67+1 -> 62 | B68: ndna | C68: l2 mến | D68: 46183 | E68: =VLOOKUP($C68,xe!$A:$B,2,0) -> 50E-654.34 | F68: =VLOOKUP($B68,ma!$A:$B,2,0) -> NDFC - NAIC BẾN LỨC | M68: 1 | N68: =VLOOKUP($B68,ma!$A:$C,3,0) -> 2400000 | O68: =M68*N68 -> 2400000 | P68: =O68*10% -> 240000
A69: =A68+1 -> 63 | B69: naun | C69: l2 mến | D69: 46183 | E69: =VLOOKUP($C69,xe!$A:$B,2,0) -> 50E-654.34 | F69: =VLOOKUP($B69,ma!$A:$B,2,0) -> NAIC -UNI | M69: 1 | N69: =VLOOKUP($B69,ma!$A:$C,3,0) -> 1800000 | O69: =M69*N69 -> 1800000 | P69: =O69*10% -> 180000
A70: =A69+1 -> 64 | B70: cluni | C70: L3 HOÀ | D70: 46183 | E70: =VLOOKUP($C70,xe!$A:$B,2,0) -> 50E-324,01 | F70: =VLOOKUP($B70,ma!$A:$B,2,0) -> CALOFIC - UNI ( xe lớn ) | M70: 1 | N70: =VLOOKUP($B70,ma!$A:$C,3,0) -> 400000 | O70: =M70*N70 -> 400000 | P70: 100000
A71: =A70+1 -> 65 | B71: tlp | C71: L3 HOÀ | D71: 46183 | E71: =VLOOKUP($C71,xe!$A:$B,2,0) -> 50E-324,01 | F71: =VLOOKUP($B71,ma!$A:$B,2,0) -> TUẤN LỘC Q7 PALLET | M71: 13.75 | N71: =VLOOKUP($B71,ma!$A:$C,3,0) -> 200000 | O71: =M71*N71 -> 2750000 | P71: =O71*10% -> 275000
A72: =A71+1 -> 66 | B72: tlp | C72: l3 HOÀ | D72: 46183 | E72: =VLOOKUP($C72,xe!$A:$B,2,0) -> 50E-324,01 | F72: =VLOOKUP($B72,ma!$A:$B,2,0) -> TUẤN LỘC Q7 PALLET | M72: 13.01 | N72: =VLOOKUP($B72,ma!$A:$C,3,0) -> 200000 | O72: =M72*N72 -> 2602000 | P72: =O72*10% -> 260200
A73: =A72+1 -> 67 | B73: q8p | C73: L4 QUẠY | D73: 46183 | E73: =VLOOKUP($C73,xe!$A:$B,2,0) -> 50H-87055 | F73: =VLOOKUP($B73,ma!$A:$B,2,0) -> QUẬN 8 PALLET | M73: 14.18 | N73: =VLOOKUP($B73,ma!$A:$C,3,0) -> 200000 | O73: =M73*N73 -> 2836000 | P73: =O73*10% -> 283600
A74: =A73+1 -> 68 | B74: pmvp | C74: L5 MINH | D74: 46183 | E74: =VLOOKUP($C74,xe!$A:$B,2,0) -> 50E-757,74 | F74: =VLOOKUP($B74,ma!$A:$B,2,0) -> PHAN MINH VŨ-BIÊN HOÀ PALLET | M74: 13.99 | N74: =VLOOKUP($B74,ma!$A:$C,3,0) -> 238000 | O74: =M74*N74 -> 3329620 | P74: =O74*10% -> 332962
A75: =A74+1 -> 69 | B75: ndna | C75: L5 MINH | D75: 46183 | E75: =VLOOKUP($C75,xe!$A:$B,2,0) -> 50E-757,74 | F75: =VLOOKUP($B75,ma!$A:$B,2,0) -> NDFC - NAIC BẾN LỨC | M75: 1 | N75: =VLOOKUP($B75,ma!$A:$C,3,0) -> 2400000 | O75: =M75*N75 -> 2400000 | P75: =O75*10% -> 240000
A76: =A75+1 -> 70 | B76: naun | C76: L5 MINH | D76: 46183 | E76: =VLOOKUP($C76,xe!$A:$B,2,0) -> 50E-757,74 | F76: =VLOOKUP($B76,ma!$A:$B,2,0) -> NAIC -UNI | M76: 1 | N76: =VLOOKUP($B76,ma!$A:$C,3,0) -> 1800000 | O76: =M76*N76 -> 1800000 | P76: =O76*10% -> 180000
A77: =A76+1 -> 71 | B77: ndna | C77: L6 PHƯƠNG | D77: 46183 | E77: =VLOOKUP($C77,xe!$A:$B,2,0) -> 50H-75206 | F77: =VLOOKUP($B77,ma!$A:$B,2,0) -> NDFC - NAIC BẾN LỨC | M77: 1 | N77: =VLOOKUP($B77,ma!$A:$C,3,0) -> 2400000 | O77: =M77*N77 -> 2400000 | P77: =O77*10% -> 240000
A78: =A77+1 -> 72 | B78: q6p | C78: L6 PHƯƠNG | D78: 46183 | E78: =VLOOKUP($C78,xe!$A:$B,2,0) -> 50H-75206 | F78: =VLOOKUP($B78,ma!$A:$B,2,0) -> PHẠM ANH QUẬN 6 PALLET | M78: 11.84 | N78: =VLOOKUP($B78,ma!$A:$C,3,0) -> 200000 | O78: =M78*N78 -> 2368000 | P78: =O78*10% -> 236800
A79: =A78+1 -> 73 | B79: ndna | C79: L7 KHANG | D79: 46183 | E79: =VLOOKUP($C79,xe!$A:$B,2,0) -> 50H-66347 | F79: =VLOOKUP($B79,ma!$A:$B,2,0) -> NDFC - NAIC BẾN LỨC | M79: 1 | N79: =VLOOKUP($B79,ma!$A:$C,3,0) -> 2400000 | O79: =M79*N79 -> 2400000 | P79: =O79*10% -> 240000
A80: =A79+1 -> 74 | B80: q8p | C80: L7 KHANG | D80: 46183 | E80: =VLOOKUP($C80,xe!$A:$B,2,0) -> 50H-66347 | F80: =VLOOKUP($B80,ma!$A:$B,2,0) -> QUẬN 8 PALLET | M80: 14.28 | N80: =VLOOKUP($B80,ma!$A:$C,3,0) -> 200000 | O80: =M80*N80 -> 2856000 | P80: =O80*10% -> 285600
A81: =A80+1 -> 75 | B81: JOXL | C81: L1 THÀNH | D81: 46184 | E81: =VLOOKUP($C81,xe!$A:$B,2,0) -> 50E-648.73 | F81: =VLOOKUP($B81,ma!$A:$B,2,0) -> JOLIBEE XE LỚN | M81: 12.49 | N81: =VLOOKUP($B81,ma!$A:$C,3,0) -> 200000 | O81: =M81*N81 -> 2498000 | P81: =O81*10% -> 249800
A82: =A81+1 -> 76 | B82: NAUN | C82: L1 THÀNH | D82: 46184 | E82: =VLOOKUP($C82,xe!$A:$B,2,0) -> 50E-648.73 | F82: =VLOOKUP($B82,ma!$A:$B,2,0) -> NAIC -UNI | M82: 1 | N82: =VLOOKUP($B82,ma!$A:$C,3,0) -> 1800000 | O82: =M82*N82 -> 1800000 | P82: =O82*10% -> 180000
... A90: =A89+1 -> 84 | B90: NAUN | C90: L6 PHƯƠNG | D90: 46184 | E90: =VLOOKUP($C90,xe!$A:$B,2,0) -> 50H-75206 | F90: =VLOOKUP($B90,ma!$A:$B,2,0) -> NAIC -UNI | M90: 1 | N90: =VLOOKUP($B90,ma!$A:$C,3,0) -> 1800000 | O90: =M90*N90 -> 1800000 | P90: =O90*10% -> 180000
A91: =A90+1 -> 85 | B91: TLP | C91: L7 KHANG | D91: 46184 | E91: =VLOOKUP($C91,xe!$A:$B,2,0) -> 50H-66347 | F91: =VLOOKUP($B91,ma!$A:$B,2,0) -> TUẤN LỘC Q7 PALLET | N91: =VLOOKUP($B91,ma!$A:$C,3,0) -> 200000 | O91: =M91*N91 -> 0 | P91: =O91*10% -> 0
A92: =A91+1 -> 86 | B92: ndna | C92: L1 THÀNH | D92: 46185 | E92: =VLOOKUP($C92,xe!$A:$B,2,0) -> 50E-648.73 | F92: =VLOOKUP($B92,ma!$A:$B,2,0) -> NDFC - NAIC BẾN LỨC | M92: 1 | N92: =VLOOKUP($B92,ma!$A:$C,3,0) -> 2400000 | O92: =M92*N92 -> 2400000 | P92: =O92*10% -> 240000
A93: =A92+1 -> 87 | B93: naun | C93: l1 THÀNH | D93: 46185 | E93: =VLOOKUP($C93,xe!$A:$B,2,0) -> 50E-648.73 | F93: =VLOOKUP($B93,ma!$A:$B,2,0) -> NAIC -UNI | M93: 1 | N93: =VLOOKUP($B93,ma!$A:$C,3,0) -> 1800000 | O93: =M93*N93 -> 1800000 | P93: =O93*10% -> 180000
A94: =A93+1 -> 88 | B94: q8p | C94: l2 mến | D94: 46185 | E94: =VLOOKUP($C94,xe!$A:$B,2,0) -> 50E-654.34 | F94: =VLOOKUP($B94,ma!$A:$B,2,0) -> QUẬN 8 PALLET | M94: 12.78 | N94: =VLOOKUP($B94,ma!$A:$C,3,0) -> 200000 | O94: =M94*N94 -> 2556000 | P94: =O94*10% -> 255600
A95: =A94+1 -> 89 | B95: ug | C95: l2 mến | D95: 46185 | E95: =VLOOKUP($C95,xe!$A:$B,2,0) -> 50E-654.34 | F95: =VLOOKUP($B95,ma!$A:$B,2,0) -> ÚT GIAO LONG AN | M95: 15.27 | N95: =VLOOKUP($B95,ma!$A:$C,3,0) -> 212000 | O95: =M95*N95 -> 3237240 | P95: =O95*10% -> 323724
A96: =A95+1 -> 90 | B96: tlp | C96: l3 HOÀ | D96: 46185 | E96: =VLOOKUP($C96,xe!$A:$B,2,0) -> 50E-324,01 | F96: =VLOOKUP($B96,ma!$A:$B,2,0) -> TUẤN LỘC Q7 PALLET | M96: 12.77 | N96: =VLOOKUP($B96,ma!$A:$C,3,0) -> 200000 | O96: =M96*N96 -> 2554000 | P96: =O96*10% -> 255400
A97: =A96+1 -> 91 | B97: tlp | C97: l3 HOÀ | D97: 46185 | E97: =VLOOKUP($C97,xe!$A:$B,2,0) -> 50E-324,01 | F97: =VLOOKUP($B97,ma!$A:$B,2,0) -> TUẤN LỘC Q7 PALLET | M97: 13.72 | N97: =VLOOKUP($B97,ma!$A:$C,3,0) -> 200000 | O97: =M97*N97 -> 2744000 | P97: =O97*10% -> 274400
A98: =A97+1 -> 92 | B98: ndna | C98: L4 QUẠY | D98: 46185 | E98: =VLOOKUP($C98,xe!$A:$B,2,0) -> 50H-87055 | F98: =VLOOKUP($B98,ma!$A:$B,2,0) -> NDFC - NAIC BẾN LỨC | M98: 1 | N98: =VLOOKUP($B98,ma!$A:$C,3,0) -> 2400000 | O98: =M98*N98 -> 2400000 | P98: =O98*10% -> 240000
A99: =A98+1 -> 93 | B99: ndna | C99: L5 MINH | D99: 46185 | E99: =VLOOKUP($C99,xe!$A:$B,2,0) -> 50E-757,74 | F99: =VLOOKUP($B99,ma!$A:$B,2,0) -> NDFC - NAIC BẾN LỨC | M99: 1 | N99: =VLOOKUP($B99,ma!$A:$C,3,0) -> 2400000 | O99: =M99*N99 -> 2400000 | P99: =O99*10% -> 240000
A100: =A99+1 -> 94 | B100: naun | C100: L5 MINH | D100: 46185 | E100: =VLOOKUP($C100,xe!$A:$B,2,0) -> 50E-757,74 | F100: =VLOOKUP($B100,ma!$A:$B,2,0) -> NAIC -UNI | M100: 1 | N100: =VLOOKUP($B100,ma!$A:$C,3,0) -> 1800000 | O100: =M100*N100 -> 1800000 | P100: =O100*10% -> 180000
A101: =A100+1 -> 95 | B101: q6p | C101: L6 PHƯƠNG | D101: 46185 | E101: =VLOOKUP($C101,xe!$A:$B,2,0) -> 50H-75206 | F101: =VLOOKUP($B101,ma!$A:$B,2,0) -> PHẠM ANH QUẬN 6 PALLET | M101: 11.69 | N101: =VLOOKUP($B101,ma!$A:$C,3,0) -> 200000 | O101: =M101*N101 -> 2338000 | P101: =O101*10% -> 233800
A102: =A101+1 -> 96 | B102: ndna | C102: L7 KHANG | D102: 46185 | E102: =VLOOKUP($C102,xe!$A:$B,2,0) -> 50H-66347 | F102: =VLOOKUP($B102,ma!$A:$B,2,0) -> NDFC - NAIC BẾN LỨC | M102: 1 | N102: =VLOOKUP($B102,ma!$A:$C,3,0) -> 2400000 | O102: =M102*N102 -> 2400000 | P102: =O102*10% -> 240000
A103: =A102+1 -> 97 | B103: naun | C103: L7 KHANG | D103: 46185 | E103: =VLOOKUP($C103,xe!$A:$B,2,0) -> 50H-66347 | F103: =VLOOKUP($B103,ma!$A:$B,2,0) -> NAIC -UNI | M103: 1 | N103: =VLOOKUP($B103,ma!$A:$C,3,0) -> 1800000 | O103: =M103*N103 -> 1800000 | P103: =O103*10% -> 180000
A104: =A103+1 -> 98 | B104: naun | C104: l2 mến | D104: 46186 | E104: =VLOOKUP($C104,xe!$A:$B,2,0) -> 50E-654.34 | F104: =VLOOKUP($B104,ma!$A:$B,2,0) -> NAIC -UNI | M104: 1 | N104: =VLOOKUP($B104,ma!$A:$C,3,0) -> 1800000 | O104: =M104*N104 -> 1800000 | P104: =O104*10% -> 180000
A105: =A104+1 -> 99 | B105: cluni | C105: l3 HOÀ | D105: 46186 | E105: =VLOOKUP($C105,xe!$A:$B,2,0) -> 50E-324,01 | F105: =VLOOKUP($B105,ma!$A:$B,2,0) -> CALOFIC - UNI ( xe lớn ) | M105: 1 | N105: =VLOOKUP($B105,ma!$A:$C,3,0) -> 400000 | O105: =M105*N105 -> 400000 | P105: 100000
A106: =A105+1 -> 100 | B106: naun | C106: L4 QUẠY | D106: 46186 | E106: =VLOOKUP($C106,xe!$A:$B,2,0) -> 50H-87055 | F106: =VLOOKUP($B106,ma!$A:$B,2,0) -> NAIC -UNI | M106: 1 | N106: =VLOOKUP($B106,ma!$A:$C,3,0) -> 1800000 | O106: =M106*N106 -> 1800000 | P106: =O106*10% -> 180000
A107: =A106+1 -> 101 | B107: naun | C107: L6 PHƯƠNG | D107: 46186 | E107: =VLOOKUP($C107,xe!$A:$B,2,0) -> 50H-75206 | F107: =VLOOKUP($B107,ma!$A:$B,2,0) -> NAIC -UNI | M107: 1 | N107: =VLOOKUP($B107,ma!$A:$C,3,0) -> 1800000 | O107: =M107*N107 -> 1800000 | P107: =O107*10% -> 180000
A108: =A107+1 -> 102 | B108: cluni | C108: L7 KHANG | D108: 46186 | E108: =VLOOKUP($C108,xe!$A:$B,2,0) -> 50H-66347 | F108: =VLOOKUP($B108,ma!$A:$B,2,0) -> CALOFIC - UNI ( xe lớn ) | M108: 1 | N108: =VLOOKUP($B108,ma!$A:$C,3,0) -> 400000 | O108: =M108*N108 -> 400000 | P108: 100000
A109: =A108+1 -> 103 | B109: ndna | C109: l1 THÀNH | D109: 46188 | E109: =VLOOKUP($C109,xe!$A:$B,2,0) -> 50E-648.73 | F109: =VLOOKUP($B109,ma!$A:$B,2,0) -> NDFC - NAIC BẾN LỨC | M109: 1 | N109: =VLOOKUP($B109,ma!$A:$C,3,0) -> 2400000 | O109: =M109*N109 -> 2400000 | P109: =O109*10% -> 240000
A110: =A109+1 -> 104 | B110: ndna | C110: l1 THÀNH | D110: 46188 | E110: =VLOOKUP($C110,xe!$A:$B,2,0) -> 50E-648.73 | F110: =VLOOKUP($B110,ma!$A:$B,2,0) -> NDFC - NAIC BẾN LỨC | M110: 1 | N110: =VLOOKUP($B110,ma!$A:$C,3,0) -> 2400000 | O110: =M110*N110 -> 2400000 | P110: =O110*10% -> 240000
A111: =A110+1 -> 105 | B111: naun | C111: l1 THÀNH | D111: 46188 | E111: =VLOOKUP($C111,xe!$A:$B,2,0) -> 50E-648.73 | F111: =VLOOKUP($B111,ma!$A:$B,2,0) -> NAIC -UNI | M111: 1 | N111: =VLOOKUP($B111,ma!$A:$C,3,0) -> 1800000 | O111: =M111*N111 -> 1800000 | P111: =O111*10% -> 180000
A112: =A111+1 -> 106 | B112: LMKRL | C112: l2 mến | D112: 46188 | E112: =VLOOKUP($C112,xe!$A:$B,2,0) -> 50E-654.34 | F112: =VLOOKUP($B112,ma!$A:$B,2,0) -> LÀNG MAKARA XE LỚN | M112: 15.13 | N112: =VLOOKUP($B112,ma!$A:$C,3,0) -> 220000 | O112: =M112*N112 -> 3328600 | P112: =O112*10% -> 332860
A113: =A112+1 -> 107 | B113: TLP | C113: l3 HOÀ | D113: 46188 | E113: =VLOOKUP($C113,xe!$A:$B,2,0) -> 50E-324,01 | F113: =VLOOKUP($B113,ma!$A:$B,2,0) -> TUẤN LỘC Q7 PALLET | N113: =VLOOKUP($B113,ma!$A:$C,3,0) -> 200000 | O113: =M113*N113 -> 0 | P113: =O113*10% -> 0
...

Sheet TRUNG CHUYỂN
D1: KÊ CHI TIẾT XE LỚN | Q1: PHƯƠNG | R1: 50H-75206
D2: 46141 | Q2: ÂN | R2: 50H-55294
D3: Tên : | G3: SỐ XE : | Q3: HOÀNG | R3: 50H-55129
F4: #N/A | K4: 2 | M4: 2 | O4: #N/A | Q4: HẢI | R4: 50H-69717
A5: STT | B5: Mã | C5: Tên TX | D5: Ngày | E5: Số Xe | F5: Nơi giao | G5: Đổ Dầu | H5: SỐ KM | I5: C.phí tài xế | J5: ghi chú | K5: Cầu đường | L5: C.phí tài xế | M5: ghi chú | N5: TÀI | O5: Đơn giá | P5: Thành tiền | Q5: LƯƠNG LX
A6: 1 | B6: MCC | C6: L8 NHANH | D6: 46174 | E6: =VLOOKUP($C6,xe!$A:$B,2,0) -> 50E-758,73 | F6: =VLOOKUP($B6,ma!$A:$B,2,0) -> Chuyển hàng MCC | I6: 40000 | J6: CLF | N6: 4 | O6: =VLOOKUP($B6,ma!$A:$C,3,0) -> 414000 | P6: =N6*O6 -> 1656000 | Q6: =N6*50000 -> 200000
A7: =A6+1 -> 2 | B7: NDFC | C7: L9 ÂN | D7: 46174 | E7: =VLOOKUP($C7,xe!$A:$B,2,0) -> 50H-55294 | F7: =VLOOKUP($B7,ma!$A:$B,2,0) -> Chuyển Hàng ndfc | N7: 3 | O7: =VLOOKUP($B7,ma!$A:$C,3,0) -> 410000 | P7: =N7*O7 -> 1230000 | Q7: =N7*50000 -> 150000
A8: =A7+1 -> 3 | B8: CALO | C8: L10 HOÀNG | D8: 46174 | E8: =VLOOKUP($C8,xe!$A:$B,2,0) -> 50H-55129 | F8: =VLOOKUP($B8,ma!$A:$B,2,0) -> Chuyển hàng Calofic | N8: 11 | O8: =VLOOKUP($B8,ma!$A:$C,3,0) -> 180000 | P8: =N8*O8 -> 1980000 | Q8: =N8*50000 -> 550000
A9: =A8+1 -> 4 | B9: CALO | C9: L11 HẢI | D9: 46174 | E9: =VLOOKUP($C9,xe!$A:$B,2,0) -> 50H-69717 | F9: =VLOOKUP($B9,ma!$A:$B,2,0) -> Chuyển hàng Calofic | N9: 9 | O9: =VLOOKUP($B9,ma!$A:$C,3,0) -> 180000 | P9: =N9*O9 -> 1620000 | Q9: =N9*50000 -> 450000
A10: =A9+1 -> 5 | B10: MCC | C10: L8 NHANH | D10: 46175 | E10: =VLOOKUP($C10,xe!$A:$B,2,0) -> 50E-758,73 | F10: =VLOOKUP($B10,ma!$A:$B,2,0) -> Chuyển hàng MCC | I10: 20000 | J10: CLF | N10: 4 | O10: =VLOOKUP($B10,ma!$A:$C,3,0) -> 414000 | P10: =N10*O10 -> 1656000 | Q10: =N10*50000 -> 200000
A11: =A10+1 -> 6 | B11: NDFC | C11: L9 ÂN | D11: 46175 | E11: =VLOOKUP($C11,xe!$A:$B,2,0) -> 50H-55294 | F11: =VLOOKUP($B11,ma!$A:$B,2,0) -> Chuyển Hàng ndfc | N11: 4 | O11: =VLOOKUP($B11,ma!$A:$C,3,0) -> 410000 | P11: =N11*O11 -> 1640000 | Q11: =N11*50000 -> 200000
A12: =A11+1 -> 7 | B12: CALO | C12: L10 HOÀNG | D12: 46175 | E12: =VLOOKUP($C12,xe!$A:$B,2,0) -> 50H-55129 | F12: =VLOOKUP($B12,ma!$A:$B,2,0) -> Chuyển hàng Calofic | N12: 8 | O12: =VLOOKUP($B12,ma!$A:$C,3,0) -> 180000 | P12: =N12*O12 -> 1440000 | Q12: =N12*50000 -> 400000
A13: =A12+1 -> 8 | B13: CALO | C13: L11 HẢI | D13: 46175 | E13: =VLOOKUP($C13,xe!$A:$B,2,0) -> 50H-69717 | F13: =VLOOKUP($B13,ma!$A:$B,2,0) -> Chuyển hàng Calofic | N13: 10 | O13: =VLOOKUP($B13,ma!$A:$C,3,0) -> 180000 | P13: =N13*O13 -> 1800000 | Q13: =N13*50000 -> 500000
A14: =A13+1 -> 9 | B14: MCC | C14: L8 NHANH | D14: 46176 | E14: =VLOOKUP($C14,xe!$A:$B,2,0) -> 50E-758,73 | F14: =VLOOKUP($B14,ma!$A:$B,2,0) -> Chuyển hàng MCC | I14: 20000 | J14: CLF | N14: 4 | O14: =VLOOKUP($B14,ma!$A:$C,3,0) -> 414000 | P14: =N14*O14 -> 1656000 | Q14: =N14*50000 -> 200000
A15: =A14+1 -> 10 | B15: NDFC | C15: L9 ÂN | D15: 46176 | E15: =VLOOKUP($C15,xe!$A:$B,2,0) -> 50H-55294 | F15: =VLOOKUP($B15,ma!$A:$B,2,0) -> Chuyển Hàng ndfc | N15: 4 | O15: =VLOOKUP($B15,ma!$A:$C,3,0) -> 410000 | P15: =N15*O15 -> 1640000 | Q15: =N15*50000 -> 200000
A16: =A15+1 -> 11 | B16: CALO | C16: L10 HOÀNG | D16: 46176 | E16: =VLOOKUP($C16,xe!$A:$B,2,0) -> 50H-55129 | F16: =VLOOKUP($B16,ma!$A:$B,2,0) -> Chuyển hàng Calofic | N16: 8 | O16: =VLOOKUP($B16,ma!$A:$C,3,0) -> 180000 | P16: =N16*O16 -> 1440000 | Q16: =N16*50000 -> 400000
A17: =A16+1 -> 12 | B17: CALO | C17: L11 HẢI | D17: 46176 | E17: =VLOOKUP($C17,xe!$A:$B,2,0) -> 50H-69717 | F17: =VLOOKUP($B17,ma!$A:$B,2,0) -> Chuyển hàng Calofic | N17: 7 | O17: =VLOOKUP($B17,ma!$A:$C,3,0) -> 180000 | P17: =N17*O17 -> 1260000 | Q17: =N17*50000 -> 350000
A18: =A17+1 -> 13 | B18: MCC | C18: L8 NHANH | D18: 46177 | E18: =VLOOKUP($C18,xe!$A:$B,2,0) -> 50E-758,73 | F18: =VLOOKUP($B18,ma!$A:$B,2,0) -> Chuyển hàng MCC | I18: 20000 | J18: CLF | N18: 4 | O18: =VLOOKUP($B18,ma!$A:$C,3,0) -> 414000 | P18: =N18*O18 -> 1656000 | Q18: =N18*50000 -> 200000
A19: =A18+1 -> 14 | B19: NDFC | C19: L9 ÂN | D19: 46177 | E19: =VLOOKUP($C19,xe!$A:$B,2,0) -> 50H-55294 | F19: =VLOOKUP($B19,ma!$A:$B,2,0) -> Chuyển Hàng ndfc | N19: 3 | O19: =VLOOKUP($B19,ma!$A:$C,3,0) -> 410000 | P19: =N19*O19 -> 1230000 | Q19: =N19*50000 -> 150000
A20: =A19+1 -> 15 | B20: CALO | C20: L10 HOÀNG | D20: 46177 | E20: =VLOOKUP($C20,xe!$A:$B,2,0) -> 50H-55129 | F20: =VLOOKUP($B20,ma!$A:$B,2,0) -> Chuyển hàng Calofic | N20: 10 | O20: =VLOOKUP($B20,ma!$A:$C,3,0) -> 180000 | P20: =N20*O20 -> 1800000 | Q20: =N20*50000 -> 500000
A21: =A20+1 -> 16 | B21: CALO | C21: L11 HẢI | D21: 46177 | E21: =VLOOKUP($C21,xe!$A:$B,2,0) -> 50H-69717 | F21: =VLOOKUP($B21,ma!$A:$B,2,0) -> Chuyển hàng Calofic | N21: 10 | O21: =VLOOKUP($B21,ma!$A:$C,3,0) -> 180000 | P21: =N21*O21 -> 1800000 | Q21: =N21*50000 -> 500000
A22: =A21+1 -> 17 | B22: MCC | C22: L8 NHANH | D22: 46178 | E22: =VLOOKUP($C22,xe!$A:$B,2,0) -> 50E-758,73 | F22: =VLOOKUP($B22,ma!$A:$B,2,0) -> Chuyển hàng MCC | N22: 4 | O22: =VLOOKUP($B22,ma!$A:$C,3,0) -> 414000 | P22: =N22*O22 -> 1656000 | Q22: =N22*50000 -> 200000
A23: =A22+1 -> 18 | B23: NDFC | C23: L9 ÂN | D23: 46178 | E23: =VLOOKUP($C23,xe!$A:$B,2,0) -> 50H-55294 | F23: =VLOOKUP($B23,ma!$A:$B,2,0) -> Chuyển Hàng ndfc | N23: 3 | O23: =VLOOKUP($B23,ma!$A:$C,3,0) -> 410000 | P23: =N23*O23 -> 1230000 | Q23: =N23*50000 -> 150000
A24: =A23+1 -> 19 | B24: CALO | C24: L10 HOÀNG | D24: 46178 | E24: =VLOOKUP($C24,xe!$A:$B,2,0) -> 50H-55129 | F24: =VLOOKUP($B24,ma!$A:$B,2,0) -> Chuyển hàng Calofic | N24: 10 | O24: =VLOOKUP($B24,ma!$A:$C,3,0) -> 180000 | P24: =N24*O24 -> 1800000 | Q24: =N24*50000 -> 500000
A25: =A24+1 -> 20 | B25: CALO | C25: L11 HẢI | D25: 46178 | E25: =VLOOKUP($C25,xe!$A:$B,2,0) -> 50H-69717 | F25: =VLOOKUP($B25,ma!$A:$B,2,0) -> Chuyển hàng Calofic | N25: 6 | O25: =VLOOKUP($B25,ma!$A:$C,3,0) -> 180000 | P25: =N25*O25 -> 1080000 | Q25: =N25*50000 -> 300000
A26: =A25+1 -> 21 | B26: MCC | C26: L8 NHANH | D26: 46179 | E26: =VLOOKUP($C26,xe!$A:$B,2,0) -> 50E-758,73 | F26: =VLOOKUP($B26,ma!$A:$B,2,0) -> Chuyển hàng MCC | N26: 5 | O26: =VLOOKUP($B26,ma!$A:$C,3,0) -> 414000 | P26: =N26*O26 -> 2070000 | Q26: =N26*50000 -> 250000
A27: =A26+1 -> 22 | B27: NDFC | C27: L9 ÂN | D27: 46179 | E27: =VLOOKUP($C27,xe!$A:$B,2,0) -> 50H-55294 | F27: =VLOOKUP($B27,ma!$A:$B,2,0) -> Chuyển Hàng ndfc | N27: 2 | O27: =VLOOKUP($B27,ma!$A:$C,3,0) -> 410000 | P27: =N27*O27 -> 820000 | Q27: =N27*50000 -> 100000
A28: =A27+1 -> 23 | B28: CALO | C28: L10 HOÀNG | D28: 46179 | E28: =VLOOKUP($C28,xe!$A:$B,2,0) -> 50H-55129 | F28: =VLOOKUP($B28,ma!$A:$B,2,0) -> Chuyển hàng Calofic | N28: 6 | O28: =VLOOKUP($B28,ma!$A:$C,3,0) -> 180000 | P28: =N28*O28 -> 1080000 | Q28: =N28*50000 -> 300000
A29: =A28+1 -> 24 | B29: CALO | C29: L11 HẢI | D29: 46179 | E29: =VLOOKUP($C29,xe!$A:$B,2,0) -> 50H-69717 | F29: =VLOOKUP($B29,ma!$A:$B,2,0) -> Chuyển hàng Calofic | N29: 7 | O29: =VLOOKUP($B29,ma!$A:$C,3,0) -> 180000 | P29: =N29*O29 -> 1260000 | Q29: =N29*50000 -> 350000
A30: =A29+1 -> 25 | B30: MCC | C30: L8 NHANH | D30: 46181 | E30: =VLOOKUP($C30,xe!$A:$B,2,0) -> 50E-758,73 | F30: =VLOOKUP($B30,ma!$A:$B,2,0) -> Chuyển hàng MCC | I30: 20000 | J30: CLF | N30: 3 | O30: =VLOOKUP($B30,ma!$A:$C,3,0) -> 414000 | P30: =N30*O30 -> 1242000 | Q30: =N30*50000 -> 150000
A31: =A30+1 -> 26 | B31: NDFC | C31: L9 ÂN | D31: 46181 | E31: =VLOOKUP($C31,xe!$A:$B,2,0) -> 50H-55294 | F31: =VLOOKUP($B31,ma!$A:$B,2,0) -> Chuyển Hàng ndfc | N31: 2 | O31: =VLOOKUP($B31,ma!$A:$C,3,0) -> 410000 | P31: =N31*O31 -> 820000 | Q31: =N31*50000 -> 100000
A32: =A31+1 -> 27 | B32: CALO | C32: L10 HOÀNG | D32: 46181 | E32: =VLOOKUP($C32,xe!$A:$B,2,0) -> 50H-55129 | F32: =VLOOKUP($B32,ma!$A:$B,2,0) -> Chuyển hàng Calofic | N32: 7 | O32: =VLOOKUP($B32,ma!$A:$C,3,0) -> 180000 | P32: =N32*O32 -> 1260000 | Q32: =N32*50000 -> 350000
A33: =A32+1 -> 28 | B33: MCC | C33: L8 NHANH | D33: 46182 | E33: =VLOOKUP($C33,xe!$A:$B,2,0) -> 50E-758,73 | F33: =VLOOKUP($B33,ma!$A:$B,2,0) -> Chuyển hàng MCC | I33: 20000 | J33: CLF | N33: 4 | O33: =VLOOKUP($B33,ma!$A:$C,3,0) -> 414000 | P33: =N33*O33 -> 1656000 | Q33: =N33*50000 -> 200000
A34: =A33+1 -> 29 | B34: NDFC | C34: L9 ÂN | D34: 46182 | E34: =VLOOKUP($C34,xe!$A:$B,2,0) -> 50H-55294 | F34: =VLOOKUP($B34,ma!$A:$B,2,0) -> Chuyển Hàng ndfc | N34: 4 | O34: =VLOOKUP($B34,ma!$A:$C,3,0) -> 410000 | P34: =N34*O34 -> 1640000 | Q34: =N34*50000 -> 200000
A35: =A34+1 -> 30 | B35: CALO | C35: L10 HOÀNG | D35: 46182 | E35: =VLOOKUP($C35,xe!$A:$B,2,0) -> 50H-55129 | F35: =VLOOKUP($B35,ma!$A:$B,2,0) -> Chuyển hàng Calofic | N35: 8 | O35: =VLOOKUP($B35,ma!$A:$C,3,0) -> 180000 | P35: =N35*O35 -> 1440000 | Q35: =N35*50000 -> 400000
A36: =A35+1 -> 31 | B36: CALO | C36: L11 HẢI | D36: 46182 | E36: =VLOOKUP($C36,xe!$A:$B,2,0) -> 50H-69717 | F36: =VLOOKUP($B36,ma!$A:$B,2,0) -> Chuyển hàng Calofic | N36: 7 | O36: =VLOOKUP($B36,ma!$A:$C,3,0) -> 180000 | P36: =N36*O36 -> 1260000 | Q36: =N36*50000 -> 350000
A37: =A36+1 -> 32 | B37: MCC | C37: L8 NHANH | D37: 46183 | E37: =VLOOKUP($C37,xe!$A:$B,2,0) -> 50E-758,73 | F37: =VLOOKUP($B37,ma!$A:$B,2,0) -> Chuyển hàng MCC | I37: 20000 | J37: CLF | N37: 3 | O37: =VLOOKUP($B37,ma!$A:$C,3,0) -> 414000 | P37: =N37*O37 -> 1242000 | Q37: =N37*50000 -> 150000
A38: =A37+1 -> 33 | B38: NDFC | C38: L9 ÂN | D38: 46183 | E38: =VLOOKUP($C38,xe!$A:$B,2,0) -> 50H-55294 | F38: =VLOOKUP($B38,ma!$A:$B,2,0) -> Chuyển Hàng ndfc | N38: 4 | O38: =VLOOKUP($B38,ma!$A:$C,3,0) -> 410000 | P38: =N38*O38 -> 1640000 | Q38: =N38*50000 -> 200000
A39: =A38+1 -> 34 | B39: CALO | C39: L10 HOÀNG | D39: 46183 | E39: =VLOOKUP($C39,xe!$A:$B,2,0) -> 50H-55129 | F39: =VLOOKUP($B39,ma!$A:$B,2,0) -> Chuyển hàng Calofic | N39: 9 | O39: =VLOOKUP($B39,ma!$A:$C,3,0) -> 180000 | P39: =N39*O39 -> 1620000 | Q39: =N39*50000 -> 450000
A40: =A39+1 -> 35 | B40: CALO | C40: L11 HẢI | D40: 46183 | E40: =VLOOKUP($C40,xe!$A:$B,2,0) -> 50H-69717 | F40: =VLOOKUP($B40,ma!$A:$B,2,0) -> Chuyển hàng Calofic | N40: 3 | O40: =VLOOKUP($B40,ma!$A:$C,3,0) -> 180000 | P40: =N40*O40 -> 540000 | Q40: =N40*50000 -> 150000
A41: =A40+1 -> 36 | B41: MCC | C41: L8 NHANH | D41: 46184 | E41: =VLOOKUP($C41,xe!$A:$B,2,0) -> 50E-758,73 | F41: =VLOOKUP($B41,ma!$A:$B,2,0) -> Chuyển hàng MCC | I41: 20000 | J41: CLF | N41: 5 | O41: =VLOOKUP($B41,ma!$A:$C,3,0) -> 414000 | P41: =N41*O41 -> 2070000 | Q41: =N41*50000 -> 250000
A42: =A41+1 -> 37 | B42: NDFC | C42: L9 ÂN | D42: 46184 | E42: =VLOOKUP($C42,xe!$A:$B,2,0) -> 50H-55294 | F42: =VLOOKUP($B42,ma!$A:$B,2,0) -> Chuyển Hàng ndfc | N42: 5 | O42: =VLOOKUP($B42,ma!$A:$C,3,0) -> 410000 | P42: =N42*O42 -> 2050000 | Q42: =N42*50000 -> 250000
A43: =A42+1 -> 38 | B43: CALO | C43: L10 HOÀNG | D43: 46184 | E43: =VLOOKUP($C43,xe!$A:$B,2,0) -> 50H-55129 | F43: =VLOOKUP($B43,ma!$A:$B,2,0) -> Chuyển hàng Calofic | N43: 8 | O43: =VLOOKUP($B43,ma!$A:$C,3,0) -> 180000 | P43: =N43*O43 -> 1440000 | Q43: =N43*50000 -> 400000
A44: =A43+1 -> 39 | B44: CALO | C44: L11 HẢI | D44: 46184 | E44: =VLOOKUP($C44,xe!$A:$B,2,0) -> 50H-69717 | F44: =VLOOKUP($B44,ma!$A:$B,2,0) -> Chuyển hàng Calofic | N44: 9 | O44: =VLOOKUP($B44,ma!$A:$C,3,0) -> 180000 | P44: =N44*O44 -> 1620000 | Q44: =N44*50000 -> 450000
A45: =A44+1 -> 40 | B45: MCC | C45: L8 NHANH | D45: 46185 | E45: =VLOOKUP($C45,xe!$A:$B,2,0) -> 50E-758,73 | F45: =VLOOKUP($B45,ma!$A:$B,2,0) -> Chuyển hàng MCC | I45: 20000 | J45: CLF | N45: 4 | O45: =VLOOKUP($B45,ma!$A:$C,3,0) -> 414000 | P45: =N45*O45 -> 1656000 | Q45: =N45*50000 -> 200000
A46: =A45+1 -> 41 | B46: NDFC | C46: L9 ÂN | D46: 46185 | E46: =VLOOKUP($C46,xe!$A:$B,2,0) -> 50H-55294 | F46: =VLOOKUP($B46,ma!$A:$B,2,0) -> Chuyển Hàng ndfc | N46: 4 | O46: =VLOOKUP($B46,ma!$A:$C,3,0) -> 410000 | P46: =N46*O46 -> 1640000 | Q46: =N46*50000 -> 200000
A47: =A46+1 -> 42 | B47: CALO | C47: L10 HOÀNG | D47: 46185 | E47: =VLOOKUP($C47,xe!$A:$B,2,0) -> 50H-55129 | F47: =VLOOKUP($B47,ma!$A:$B,2,0) -> Chuyển hàng Calofic | N47: 9 | O47: =VLOOKUP($B47,ma!$A:$C,3,0) -> 180000 | P47: =N47*O47 -> 1620000 | Q47: =N47*50000 -> 450000
A48: =A47+1 -> 43 | B48: CALO | C48: L11 HẢI | D48: 46185 | E48: =VLOOKUP($C48,xe!$A:$B,2,0) -> 50H-69717 | F48: =VLOOKUP($B48,ma!$A:$B,2,0) -> Chuyển hàng Calofic | N48: 10 | O48: =VLOOKUP($B48,ma!$A:$C,3,0) -> 180000 | P48: =N48*O48 -> 1800000 | Q48: =N48*50000 -> 500000
A49: =A48+1 -> 44 | B49: MCC | C49: L8 NHANH | D49: 46186 | E49: =VLOOKUP($C49,xe!$A:$B,2,0) -> 50E-758,73 | F49: =VLOOKUP($B49,ma!$A:$B,2,0) -> Chuyển hàng MCC | N49: 3 | O49: =VLOOKUP($B49,ma!$A:$C,3,0) -> 414000 | P49: =N49*O49 -> 1242000 | Q49: =N49*50000 -> 150000
A50: =A49+1 -> 45 | B50: NDFC | C50: L9 ÂN | D50: 46186 | E50: =VLOOKUP($C50,xe!$A:$B,2,0) -> 50H-55294 | F50: =VLOOKUP($B50,ma!$A:$B,2,0) -> Chuyển Hàng ndfc | N50: 4 | O50: =VLOOKUP($B50,ma!$A:$C,3,0) -> 410000 | P50: =N50*O50 -> 1640000 | Q50: =N50*50000 -> 200000
A51: =A50+1 -> 46 | B51: CALO | C51: L10 HOÀNG | D51: 46186 | E51: =VLOOKUP($C51,xe!$A:$B,2,0) -> 50H-55129 | F51: =VLOOKUP($B51,ma!$A:$B,2,0) -> Chuyển hàng Calofic | N51: 7 | O51: =VLOOKUP($B51,ma!$A:$C,3,0) -> 180000 | P51: =N51*O51 -> 1260000 | Q51: =N51*50000 -> 350000
A52: =A51+1 -> 47 | B52: CALO | C52: L11 HẢI | D52: 46186 | E52: =VLOOKUP($C52,xe!$A:$B,2,0) -> 50H-69717 | F52: =VLOOKUP($B52,ma!$A:$B,2,0) -> Chuyển hàng Calofic | N52: 5 | O52: =VLOOKUP($B52,ma!$A:$C,3,0) -> 180000 | P52: =N52*O52 -> 900000 | Q52: =N52*50000 -> 250000
A53: =A52+1 -> 48 | B53: MCC | C53: L8 NHANH | D53: 46188 | E53: =VLOOKUP($C53,xe!$A:$B,2,0) -> 50E-758,73 | F53: =VLOOKUP($B53,ma!$A:$B,2,0) -> Chuyển hàng MCC | I53: 20000 | J53: CLF | N53: 4 | O53: =VLOOKUP($B53,ma!$A:$C,3,0) -> 414000 | P53: =N53*O53 -> 1656000 | Q53: =N53*50000 -> 200000
A54: =A53+1 -> 49 | B54: NDFC | C54: L9 ÂN | D54: 46188 | E54: =VLOOKUP($C54,xe!$A:$B,2,0) -> 50H-55294 | F54: =VLOOKUP($B54,ma!$A:$B,2,0) -> Chuyển Hàng ndfc | N54: 4 | O54: =VLOOKUP($B54,ma!$A:$C,3,0) -> 410000 | P54: =N54*O54 -> 1640000 | Q54: =N54*50000 -> 200000
A55: =A54+1 -> 50 | B55: CALO | C55: L10 HOÀNG | D55: 46188 | E55: =VLOOKUP($C55,xe!$A:$B,2,0) -> 50H-55129 | F55: =VLOOKUP($B55,ma!$A:$B,2,0) -> Chuyển hàng Calofic | N55: 8 | O55: =VLOOKUP($B55,ma!$A:$C,3,0) -> 180000 | P55: =N55*O55 -> 1440000 | Q55: =N55*50000 -> 400000
A56: =A55+1 -> 51 | B56: CALO | C56: L11 HẢI | D56: 46188 | E56: =VLOOKUP($C56,xe!$A:$B,2,0) -> 50H-69717 | F56: =VLOOKUP($B56,ma!$A:$B,2,0) -> Chuyển hàng Calofic | N56: 7 | O56: =VLOOKUP($B56,ma!$A:$C,3,0) -> 180000 | P56: =N56*O56 -> 1260000 | Q56: =N56*50000 -> 350000
A57: =A56+1 -> 52 | B57: MCC | C57: L8 NHANH | D57: 46189 | E57: =VLOOKUP($C57,xe!$A:$B,2,0) -> 50E-758,73 | F57: =VLOOKUP($B57,ma!$A:$B,2,0) -> Chuyển hàng MCC | I57: 20000 | J57: CLF | N57: 4 | O57: =VLOOKUP($B57,ma!$A:$C,3,0) -> 414000 | P57: =N57*O57 -> 1656000 | Q57: =N57*50000 -> 200000
A58: =A57+1 -> 53 | B58: NDFC | C58: L9 ÂN | D58: 46189 | E58: =VLOOKUP($C58,xe!$A:$B,2,0) -> 50H-55294 | F58: =VLOOKUP($B58,ma!$A:$B,2,0) -> Chuyển Hàng ndfc | N58: 3 | O58: =VLOOKUP($B58,ma!$A:$C,3,0) -> 410000 | P58: =N58*O58 -> 1230000 | Q58: =N58*50000 -> 150000
A59: =A58+1 -> 54 | B59: CALO | C59: L11 HẢI | D59: 46189 | E59: =VLOOKUP($C59,xe!$A:$B,2,0) -> 50H-69717 | F59: =VLOOKUP($B59,ma!$A:$B,2,0) -> Chuyển hàng Calofic | N59: 8 | O59: =VLOOKUP($B59,ma!$A:$C,3,0) -> 180000 | P59: =N59*O59 -> 1440000 | Q59: =N59*50000 -> 400000
A60: =A59+1 -> 55 | B60: m6 | C60: L8 NHANH | D60: 46190 | E60: =VLOOKUP($C60,xe!$A:$B,2,0) -> 50E-758,73 | F60: =VLOOKUP($B60,ma!$A:$B,2,0) -> MCC 6 CHUYẾN | I60: 20000 | J60: CLF | N60: 6 | O60: =VLOOKUP($B60,ma!$A:$C,3,0) -> 300000 | P60: =N60*O60 -> 1800000 | Q60: =N60*50000 -> 300000
A61: =A60+1 -> 56 | B61: NDFC | C61: L9 ÂN | D61: 46190 | E61: =VLOOKUP($C61,xe!$A:$B,2,0) -> 50H-55294 | F61: =VLOOKUP($B61,ma!$A:$B,2,0) -> Chuyển Hàng ndfc | N61: 4 | O61: =VLOOKUP($B61,ma!$A:$C,3,0) -> 410000 | P61: =N61*O61 -> 1640000 | Q61: =N61*50000 -> 200000
A62: =A61+1 -> 57 | B62: CALO | C62: L10 HOÀNG | D62: 46190 | E62: =VLOOKUP($C62,xe!$A:$B,2,0) -> 50H-55129 | F62: =VLOOKUP($B62,ma!$A:$B,2,0) -> Chuyển hàng Calofic | N62: 7 | O62: =VLOOKUP($B62,ma!$A:$C,3,0) -> 180000 | P62: =N62*O62 -> 1260000 | Q62: =N62*50000 -> 350000
A63: =A62+1 -> 58 | B63: CALO | C63: L11 HẢI | D63: 46190 | E63: =VLOOKUP($C63,xe!$A:$B,2,0) -> 50H-69717 | F63: =VLOOKUP($B63,ma!$A:$B,2,0) -> Chuyển hàng Calofic | N63: 10 | O63: =VLOOKUP($B63,ma!$A:$C,3,0) -> 180000 | P63: =N63*O63 -> 1800000 | Q63: =N63*50000 -> 500000
A64: =A63+1 -> 59 | B64: MCC | C64: L8 NHANH | D64: 46191 | E64: =VLOOKUP($C64,xe!$A:$B,2,0) -> 50E-758,73 | F64: =VLOOKUP($B64,ma!$A:$B,2,0) -> Chuyển hàng MCC | I64: 20000 | J64: CLF | N64: 3 | O64: =VLOOKUP($B64,ma!$A:$C,3,0) -> 414000 | P64: =N64*O64 -> 1242000 | Q64: =N64*50000 -> 150000
A65: =A64+1 -> 60 | B65: NDFC | C65: L9 ÂN | D65: 46191 | E65: =VLOOKUP($C65,xe!$A:$B,2,0) -> 50H-55294 | F65: =VLOOKUP($B65,ma!$A:$B,2,0) -> Chuyển Hàng ndfc | N65: 4 | O65: =VLOOKUP($B65,ma!$A:$C,3,0) -> 410000 | P65: =N65*O65 -> 1640000 | Q65: =N65*50000 -> 200000
A66: =A65+1 -> 61 | B66: CALO | C66: L10 HOÀNG | D66: 46191 | E66: =VLOOKUP($C66,xe!$A:$B,2,0) -> 50H-55129 | F66: =VLOOKUP($B66,ma!$A:$B,2,0) -> Chuyển hàng Calofic | N66: 5 | O66: =VLOOKUP($B66,ma!$A:$C,3,0) -> 180000 | P66: =N66*O66 -> 900000 | Q66: =N66*50000 -> 250000
A67: =A66+1 -> 62 | B67: CALO | C67: L11 HẢI | D67: 46191 | E67: =VLOOKUP($C67,xe!$A:$B,2,0) -> 50H-69717 | F67: =VLOOKUP($B67,ma!$A:$B,2,0) -> Chuyển hàng Calofic | N67: 7 | O67: =VLOOKUP($B67,ma!$A:$C,3,0) -> 180000 | P67: =N67*O67 -> 1260000 | Q67: =N67*50000 -> 350000
A68: =A67+1 -> 63 | B68: M6 | C68: L8 NHANH | D68: 46192 | E68: =VLOOKUP($C68,xe!$A:$B,2,0) -> 50E-758,73 | F68: =VLOOKUP($B68,ma!$A:$B,2,0) -> MCC 6 CHUYẾN | I68: 20000 | J68: CLF | N68: 6 | O68: =VLOOKUP($B68,ma!$A:$C,3,0) -> 300000 | P68: =N68*O68 -> 1800000 | Q68: =N68*50000 -> 300000
A69: =A68+1 -> 64 | B69: NDFC | C69: L9 ÂN | D69: 46192 | E69: =VLOOKUP($C69,xe!$A:$B,2,0) -> 50H-55294 | F69: =VLOOKUP($B69,ma!$A:$B,2,0) -> Chuyển Hàng ndfc | N69: 5 | O69: =VLOOKUP($B69,ma!$A:$C,3,0) -> 410000 | P69: =N69*O69 -> 2050000 | Q69: =N69*50000 -> 250000
A70: =A69+1 -> 65 | B70: CALO | C70: L10 HOÀNG | D70: 46192 | E70: =VLOOKUP($C70,xe!$A:$B,2,0) -> 50H-55129 | F70: =VLOOKUP($B70,ma!$A:$B,2,0) -> Chuyển hàng Calofic | N70: 10 | O70: =VLOOKUP($B70,ma!$A:$C,3,0) -> 180000 | P70: =N70*O70 -> 1800000 | Q70: =N70*50000 -> 500000
A71: =A70+1 -> 66 | B71: CALO | C71: L11 HẢI | D71: 46192 | E71: =VLOOKUP($C71,xe!$A:$B,2,0) -> 50H-69717 | F71: =VLOOKUP($B71,ma!$A:$B,2,0) -> Chuyển hàng Calofic | N71: 10 | O71: =VLOOKUP($B71,ma!$A:$C,3,0) -> 180000 | P71: =N71*O71 -> 1800000 | Q71: =N71*50000 -> 500000
A72: =A71+1 -> 67 | B72: MCC | C72: L8 NHANH | D72: 46193 | E72: =VLOOKUP($C72,xe!$A:$B,2,0) -> 50E-758,73 | F72: =VLOOKUP($B72,ma!$A:$B,2,0) -> Chuyển hàng MCC | O72: =VLOOKUP($B72,ma!$A:$C,3,0) -> 414000 | P72: =N72*O72 -> 0 | Q72: =N72*50000 -> 0
A73: =A72+1 -> 68 | B73: NDFC | C73: L9 ÂN | D73: 46193 | E73: =VLOOKUP($C73,xe!$A:$B,2,0) -> 50H-55294 | F73: =VLOOKUP($B73,ma!$A:$B,2,0) -> Chuyển Hàng ndfc | O73: =VLOOKUP($B73,ma!$A:$C,3,0) -> 410000 | P73: =N73*O73 -> 0 | Q73: =N73*50000 -> 0
A74: =A73+1 -> 69 | B74: CALO | C74: L10 HOÀNG | D74: 46193 | E74: =VLOOKUP($C74,xe!$A:$B,2,0) -> 50H-55129 | F74: =VLOOKUP($B74,ma!$A:$B,2,0) -> Chuyển hàng Calofic | O74: =VLOOKUP($B74,ma!$A:$C,3,0) -> 180000 | P74: =N74*O74 -> 0 | Q74: =N74*50000 -> 0
A75: =A74+1 -> 70 | B75: CALO | C75: L11 HẢI | D75: 46193 | E75: =VLOOKUP($C75,xe!$A:$B,2,0) -> 50H-69717 | F75: =VLOOKUP($B75,ma!$A:$B,2,0) -> Chuyển hàng Calofic | O75: =VLOOKUP($B75,ma!$A:$C,3,0) -> 180000 | P75: =N75*O75 -> 0 | Q75: =N75*50000 -> 0
A76: =A75+1 -> 71 | E76: =VLOOKUP($C76,xe!$A:$B,2,0) -> #N/A | F76: =VLOOKUP($B76,ma!$A:$B,2,0) -> #N/A | O76: =VLOOKUP($B76,ma!$A:$C,3,0) -> #N/A | P76: =N76*O76 -> #N/A | Q76: =N76*50000 -> 0
A77: =A76+1 -> 72 | E77: =VLOOKUP($C77,xe!$A:$B,2,0) -> #N/A | F77: =VLOOKUP($B77,ma!$A:$B,2,0) -> #N/A | O77: =VLOOKUP($B77,ma!$A:$C,3,0) -> #N/A | P77: =N77*O77 -> #N/A | Q77: =N77*50000 -> 0
A78: =A77+1 -> 73 | E78: =VLOOKUP($C78,xe!$A:$B,2,0) -> #N/A | F78: =VLOOKUP($B78,ma!$A:$B,2,0) -> #N/A | O78: =VLOOKUP($B78,ma!$A:$C,3,0) -> #N/A | P78: =N78*O78 -> #N/A | Q78: =N78*50000 -> 0
A79: =A78+1 -> 74 | E79: =VLOOKUP($C79,xe!$A:$B,2,0) -> #N/A | F79: =VLOOKUP($B79,ma!$A:$B,2,0) -> #N/A | O79: =VLOOKUP($B79,ma!$A:$C,3,0) -> #N/A | P79: =N79*O79 -> #N/A | Q79: =N79*50000 -> 0
A80: =A79+1 -> 75 | E80: =VLOOKUP($C80,xe!$A:$B,2,0) -> #N/A | F80: =VLOOKUP($B80,ma!$A:$B,2,0) -> #N/A | O80: =VLOOKUP($B80,ma!$A:$C,3,0) -> #N/A | P80: =N80*O80 -> #N/A | Q80: =N80*50000 -> 0
A81: =A80+1 -> 76 | E81: =VLOOKUP($C81,xe!$A:$B,2,0) -> #N/A | F81: =VLOOKUP($B81,ma!$A:$B,2,0) -> #N/A | O81: =VLOOKUP($B81,ma!$A:$C,3,0) -> #N/A | P81: =N81*O81 -> #N/A | Q81: =N81*50000 -> 0
A82: =A81+1 -> 77 | E82: =VLOOKUP($C82,xe!$A:$B,2,0) -> #N/A | F82: =VLOOKUP($B82,ma!$A:$B,2,0) -> #N/A | O82: =VLOOKUP($B82,ma!$A:$C,3,0) -> #N/A | P82: =N82*O82 -> #N/A | Q82: =N82*50000 -> 0
A83: =A82+1 -> 78 | E83: =VLOOKUP($C83,xe!$A:$B,2,0) -> #N/A | F83: =VLOOKUP($B83,ma!$A:$B,2,0) -> #N/A | O83: =VLOOKUP($B83,ma!$A:$C,3,0) -> #N/A | P83: =N83*O83 -> #N/A | Q83: =N83*50000 -> 0
A84: =A83+1 -> 79 | E84: =VLOOKUP($C84,xe!$A:$B,2,0) -> #N/A | F84: =VLOOKUP($B84,ma!$A:$B,2,0) -> #N/A | O84: =VLOOKUP($B84,ma!$A:$C,3,0) -> #N/A | P84: =N84*O84 -> #N/A | Q84: =N84*50000 -> 0
A85: =A84+1 -> 80 | E85: =VLOOKUP($C85,xe!$A:$B,2,0) -> #N/A | F85: =VLOOKUP($B85,ma!$A:$B,2,0) -> #N/A | O85: =VLOOKUP($B85,ma!$A:$C,3,0) -> #N/A | P85: =N85*O85 -> #N/A | Q85: =N85*50000 -> 0
A86: =A85+1 -> 81 | E86: =VLOOKUP($C86,xe!$A:$B,2,0) -> #N/A | F86: =VLOOKUP($B86,ma!$A:$B,2,0) -> #N/A | O86: =VLOOKUP($B86,ma!$A:$C,3,0) -> #N/A | P86: =N86*O86 -> #N/A | Q86: =N86*50000 -> 0
A87: =A86+1 -> 82 | E87: =VLOOKUP($C87,xe!$A:$B,2,0) -> #N/A | F87: =VLOOKUP($B87,ma!$A:$B,2,0) -> #N/A | O87: =VLOOKUP($B87,ma!$A:$C,3,0) -> #N/A | P87: =N87*O87 -> #N/A | Q87: =N87*50000 -> 0
... A99: =A98+1 -> 94 | E99: =VLOOKUP($C99,xe!$A:$B,2,0) -> #N/A | F99: =VLOOKUP($B99,ma!$A:$B,2,0) -> #N/A | O99: =VLOOKUP($B99,ma!$A:$C,3,0) -> #N/A | P99: =N99*O99 -> #N/A | Q99: =N99*50000 -> 0
D100: Tổng cộng : | H100: 176.89 | I100: =SUBTOTAL(9,I6:I91) -> 300000 | K100: =SUM(K6:K91) -> 0 | L100: =SUBTOTAL(9,L6:L91) -> 0 | N100: =SUBTOTAL(9,N6:N91) -> 388 | P100: =SUBTOTAL(9,O6:OP91) -> #N/A | Q100: =SUBTOTAL(9,Q6:Q91) -> 19400000
I102: LƯƠNG | J102: 12000000
I103: chi phí | J103: =I100+L100 -> 300000
I104: tiên cơm | J104: 1500000
I105: tổng | J105: =J102+J103+J104 -> 13800000
I106: BHXH | J106: 560000
I107: ứng | J107: 6000000
I108: còn | J108: =J105-J106-J107 -> 7240000
U112: TỔNG : | V112: =SUM(T102:T110) -> 0
